Categoria,Nome do Produto,Descrição,Preço Base (R$),Imposto de Importação (%),ICMS (%),IPI (%),PIS (%),COFINS (%),Total de Impostos (%),Preço Final c/ Impostos (R$)
Teclado,Logitech Teclado Modelo 641,"Teclado da marca Logitech, modelo avançado com alta performance para aplicações diversas.",4494.62,37.82,14.29,7.74,1.02,5.24,66.11,746.6
Mouse,Razer Mouse Modelo 174,"Mouse da marca Razer, modelo avançado com alta performance para aplicações diversas.",2857.35,38.19,7.85,8.76,1.33,3.25,59.38,455.4
Notebook,Dell Notebook Modelo 985,"Notebook da marca Dell, modelo avançado com alta performance para aplicações diversas.",2705.91,32.02,12.04,1.15,0.76,3.23,49.2,403.72
Placa-mãe,Gigabyte Placa-mãe Modelo 777,"Placa-mãe da marca Gigabyte, modelo avançado com alta performance para aplicações diversas.",3012.83,30.34,8.57,2.01,1.38,5.07,47.37,444.0
Suporte Monitor,Furitec Suporte Monitor Modelo 564,"Suporte Monitor da marca Furitec, modelo avançado com alta performance para aplicações diversas.",2503.94,11.74,10.62,3.94,1.29,7.12,34.71,337.31
SSD,Kingston SSD Modelo 566,"SSD da marca Kingston, modelo avançado com alta performance para aplicações diversas.",154.44,34.29,15.45,4.81,0.94,7.19,62.68,25.12
Notebook,Lenovo Notebook Modelo 379,"Notebook da marca Lenovo, modelo avançado com alta performance para aplicações diversas.",3080.62,36.77,13.45,8.41,1.13,3.57,63.33,503.16
Webcam,Microsoft Webcam Modelo 522,"Webcam da marca Microsoft, modelo avançado com alta performance para aplicações diversas.",5801.41,22.53,11.46,5.5,1.1,4.3,44.89,840.57
Mouse,Razer Mouse Modelo 635,"Mouse da marca Razer, modelo avançado com alta performance para aplicações diversas.",4031.39,22.48,14.8,6.05,1.09,5.56,49.98,604.63
Placa de Vídeo,NVIDIA Placa de Vídeo Modelo 358,"Placa de Vídeo da marca NVIDIA, modelo avançado com alta performance para aplicações diversas.",5130.9,16.72,13.56,2.11,1.09,5.51,38.99,713.14
Placa-mãe,MSI Placa-mãe Modelo 299,"Placa-mãe da marca MSI, modelo avançado com alta performance para aplicações diversas.",1096.36,31.77,15.68,1.18,1.45,6.78,56.86,171.98
Controle Console,8BitDo Controle Console Modelo 645,"Controle Console da marca 8BitDo, modelo avançado com alta performance para aplicações diversas.",635.94,31.81,15.36,6.9,0.68,6.32,61.07,102.43
Headset,Razer Headset Modelo 325,"Headset da marca Razer, modelo avançado com alta performance para aplicações diversas.",4380.32,18.62,17.85,0.43,1.63,4.05,42.58,624.55
Teclado,Razer Teclado Modelo 767,"Teclado da marca Razer, modelo avançado com alta performance para aplicações diversas.",4658.34,32.05,10.89,4.3,1.2,3.71,52.15,708.77
Monitor,Samsung Monitor Modelo 527,"Monitor da marca Samsung, modelo avançado com alta performance para aplicações diversas.",4112.08,21.85,13.03,5.69,1.0,7.33,48.9,612.29
Headset,HyperX Headset Modelo 936,"Headset da marca HyperX, modelo avançado com alta performance para aplicações diversas.",4975.26,32.99,11.34,2.11,0.79,4.3,51.53,753.9
Fonte,EVGA Fonte Modelo 524,"Fonte da marca EVGA, modelo avançado com alta performance para aplicações diversas.",3367.02,17.15,9.78,2.16,1.36,3.0,33.45,449.33
Teclado,Razer Teclado Modelo 837,"Teclado da marca Razer, modelo avançado com alta performance para aplicações diversas.",713.42,21.9,17.48,2.42,1.19,4.06,47.05,104.91
Placa-mãe,MSI Placa-mãe Modelo 704,"Placa-mãe da marca MSI, modelo avançado com alta performance para aplicações diversas.",243.92,22.05,9.1,2.94,1.09,3.05,38.23,33.72
Console,Sony Console Modelo 958,"Console da marca Sony, modelo avançado com alta performance para aplicações diversas.",2656.01,37.32,12.31,6.63,0.76,3.06,60.08,425.17
Placa-mãe,MSI Placa-mãe Modelo 133,"Placa-mãe da marca MSI, modelo avançado com alta performance para aplicações diversas.",5891.06,16.84,13.75,1.42,1.12,5.7,38.83,817.86
Controle Console,Sony Controle Console Modelo 912,"Controle Console da marca Sony, modelo avançado com alta performance para aplicações diversas.",2519.42,19.13,12.19,7.37,1.09,3.39,43.17,360.71
HD,Seagate HD Modelo 451,"HD da marca Seagate, modelo avançado com alta performance para aplicações diversas.",3041.23,36.83,10.25,7.81,1.2,3.35,59.44,484.89
Memória RAM,Corsair Memória RAM Modelo 577,"Memória RAM da marca Corsair, modelo avançado com alta performance para aplicações diversas.",1717.27,35.66,5.82,2.23,0.85,6.19,50.75,258.88
Headset,HyperX Headset Modelo 828,"Headset da marca HyperX, modelo avançado com alta performance para aplicações diversas.",5635.72,33.68,9.19,6.32,0.96,3.35,53.5,865.08
Teclado,Redragon Teclado Modelo 921,"Teclado da marca Redragon, modelo avançado com alta performance para aplicações diversas.",3723.47,19.05,10.76,1.26,1.16,4.13,36.36,507.73
Processador,Intel Processador Modelo 689,"Processador da marca Intel, modelo avançado com alta performance para aplicações diversas.",3851.11,31.08,10.7,8.41,1.56,5.11,56.86,604.08
Notebook,Lenovo Notebook Modelo 496,"Notebook da marca Lenovo, modelo avançado com alta performance para aplicações diversas.",4058.9,29.32,14.07,4.67,1.52,4.74,54.32,626.37
HD,Toshiba HD Modelo 161,"HD da marca Toshiba, modelo avançado com alta performance para aplicações diversas.",669.13,36.55,6.99,0.85,1.55,4.99,50.93,100.99
Impressora,Epson Impressora Modelo 365,"Impressora da marca Epson, modelo avançado com alta performance para aplicações diversas.",3927.16,35.3,6.34,5.94,1.5,7.54,56.62,615.07
Cooler,Thermaltake Cooler Modelo 861,"Cooler da marca Thermaltake, modelo avançado com alta performance para aplicações diversas.",2676.0,28.45,16.26,1.84,0.82,6.77,54.14,412.48
Monitor,AOC Monitor Modelo 492,"Monitor da marca AOC, modelo avançado com alta performance para aplicações diversas.",1184.97,28.75,14.35,9.37,0.9,5.02,58.39,187.69
Placa de Vídeo,AMD Placa de Vídeo Modelo 913,"Placa de Vídeo da marca AMD, modelo avançado com alta performance para aplicações diversas.",2360.16,20.63,14.86,0.82,1.59,5.18,43.08,337.69
Impressora,Epson Impressora Modelo 283,"Impressora da marca Epson, modelo avançado com alta performance para aplicações diversas.",4544.69,18.48,13.14,0.07,0.74,5.24,37.67,625.67
Impressora,Epson Impressora Modelo 980,"Impressora da marca Epson, modelo avançado com alta performance para aplicações diversas.",3303.27,36.79,13.66,6.94,0.77,5.2,63.36,539.62
Suporte Monitor,ELG Suporte Monitor Modelo 801,"Suporte Monitor da marca ELG, modelo avançado com alta performance para aplicações diversas.",1071.52,31.68,13.45,9.96,0.9,7.19,63.18,174.85
Suporte Monitor,ELG Suporte Monitor Modelo 265,"Suporte Monitor da marca ELG, modelo avançado com alta performance para aplicações diversas.",4979.17,20.6,10.55,5.25,0.69,5.54,42.63,710.18
Headset,HyperX Headset Modelo 143,"Headset da marca HyperX, modelo avançado com alta performance para aplicações diversas.",990.77,16.71,16.77,6.83,0.84,4.54,45.69,144.34
Monitor,LG Monitor Modelo 157,"Monitor da marca LG, modelo avançado com alta performance para aplicações diversas.",4120.02,30.74,9.28,9.93,1.46,7.27,58.68,653.76
SSD,Kingston SSD Modelo 579,"SSD da marca Kingston, modelo avançado com alta performance para aplicações diversas.",1287.1,39.07,11.62,2.82,0.73,3.48,57.72,203.0
Controle Console,8BitDo Controle Console Modelo 355,"Controle Console da marca 8BitDo, modelo avançado com alta performance para aplicações diversas.",898.56,17.75,14.67,2.81,0.93,4.45,40.61,126.35
Placa-mãe,Gigabyte Placa-mãe Modelo 900,"Placa-mãe da marca Gigabyte, modelo avançado com alta performance para aplicações diversas.",4232.73,16.33,6.21,4.51,1.05,4.1,32.2,559.57
Mesa Gamer,ThunderX3 Mesa Gamer Modelo 401,"Mesa Gamer da marca ThunderX3, modelo avançado com alta performance para aplicações diversas.",5084.71,25.73,5.03,6.5,1.62,3.69,42.57,724.93
SSD,WD SSD Modelo 551,"SSD da marca WD, modelo avançado com alta performance para aplicações diversas.",447.66,18.16,11.21,0.8,0.74,6.35,37.26,61.45
Fonte,Corsair Fonte Modelo 680,"Fonte da marca Corsair, modelo avançado com alta performance para aplicações diversas.",689.38,19.73,15.05,4.97,1.52,3.78,45.05,100.0
Impressora,Canon Impressora Modelo 118,"Impressora da marca Canon, modelo avançado com alta performance para aplicações diversas.",944.16,16.25,11.73,0.97,1.13,4.82,34.9,127.37
Notebook,Lenovo Notebook Modelo 125,"Notebook da marca Lenovo, modelo avançado com alta performance para aplicações diversas.",1932.18,30.32,17.04,1.59,1.28,3.33,53.56,296.71
Processador,AMD Processador Modelo 403,"Processador da marca AMD, modelo avançado com alta performance para aplicações diversas.",5585.9,13.57,9.15,0.19,1.46,4.12,28.49,717.73
Fonte,Cooler Master Fonte Modelo 240,"Fonte da marca Cooler Master, modelo avançado com alta performance para aplicações diversas.",696.3,26.55,14.56,7.72,1.52,4.54,54.89,107.85
Webcam,Logitech Webcam Modelo 875,"Webcam da marca Logitech, modelo avançado com alta performance para aplicações diversas.",1758.69,27.19,14.04,0.83,1.21,4.87,48.14,260.53
Suporte Monitor,ELG Suporte Monitor Modelo 935,"Suporte Monitor da marca ELG, modelo avançado com alta performance para aplicações diversas.",2004.46,34.13,9.79,0.06,1.55,5.61,51.14,302.95
Mouse,Corsair Mouse Modelo 711,"Mouse da marca Corsair, modelo avançado com alta performance para aplicações diversas.",3499.18,25.51,14.45,6.29,1.29,3.18,50.72,527.4
Console,Sony Console Modelo 294,"Console da marca Sony, modelo avançado com alta performance para aplicações diversas.",3941.37,16.19,7.95,1.68,0.66,6.41,32.89,523.77
Controle Console,8BitDo Controle Console Modelo 186,"Controle Console da marca 8BitDo, modelo avançado com alta performance para aplicações diversas.",4081.74,33.74,7.95,4.66,0.77,3.71,50.83,615.65
Fonte,Cooler Master Fonte Modelo 324,"Fonte da marca Cooler Master, modelo avançado com alta performance para aplicações diversas.",1013.47,26.86,12.58,9.9,0.82,3.09,53.25,155.31
Controle Console,Sony Controle Console Modelo 920,"Controle Console da marca Sony, modelo avançado com alta performance para aplicações diversas.",4953.22,30.5,14.48,1.64,0.9,3.81,51.33,749.57
Mouse,Corsair Mouse Modelo 531,"Mouse da marca Corsair, modelo avançado com alta performance para aplicações diversas.",736.3,32.69,6.24,3.39,1.3,6.57,50.19,110.58
Console,Sony Console Modelo 692,"Console da marca Sony, modelo avançado com alta performance para aplicações diversas.",197.8,21.76,12.36,9.93,1.01,6.2,51.26,29.92
Teclado,Logitech Teclado Modelo 314,"Teclado da marca Logitech, modelo avançado com alta performance para aplicações diversas.",2464.58,20.6,17.62,4.68,1.52,5.28,49.7,368.95
Controle Console,Microsoft Controle Console Modelo 865,"Controle Console da marca Microsoft, modelo avançado com alta performance para aplicações diversas.",3005.67,19.27,8.83,4.83,0.96,4.11,38.0,414.78
Notebook,Dell Notebook Modelo 203,"Notebook da marca Dell, modelo avançado com alta performance para aplicações diversas.",4211.28,13.05,9.54,9.41,1.58,5.66,39.24,586.38
Mouse,Corsair Mouse Modelo 556,"Mouse da marca Corsair, modelo avançado com alta performance para aplicações diversas.",3357.02,35.22,8.74,3.05,1.21,4.46,52.68,512.55
Monitor,Samsung Monitor Modelo 518,"Monitor da marca Samsung, modelo avançado com alta performance para aplicações diversas.",1971.22,18.08,10.26,1.55,1.08,3.18,34.15,264.44
Placa de Vídeo,AMD Placa de Vídeo Modelo 954,"Placa de Vídeo da marca AMD, modelo avançado com alta performance para aplicações diversas.",5749.13,38.43,6.66,1.49,1.39,5.44,53.41,881.97
Console,Microsoft Console Modelo 411,"Console da marca Microsoft, modelo avançado com alta performance para aplicações diversas.",1721.44,10.74,10.09,1.05,1.06,6.77,29.71,223.29
HD,WD HD Modelo 956,"HD da marca WD, modelo avançado com alta performance para aplicações diversas.",2245.67,34.88,7.81,5.21,1.28,7.31,56.49,351.42
SSD,Kingston SSD Modelo 769,"SSD da marca Kingston, modelo avançado com alta performance para aplicações diversas.",4403.98,36.09,7.75,0.75,1.17,6.08,51.84,668.7
Console,Nintendo Console Modelo 980,"Console da marca Nintendo, modelo avançado com alta performance para aplicações diversas.",2397.07,19.98,11.01,0.7,1.45,3.25,36.39,326.94
Processador,Intel Processador Modelo 981,"Processador da marca Intel, modelo avançado com alta performance para aplicações diversas.",5522.14,33.13,12.91,8.81,0.79,4.09,59.73,882.05
Mesa Gamer,ThunderX3 Mesa Gamer Modelo 271,"Mesa Gamer da marca ThunderX3, modelo avançado com alta performance para aplicações diversas.",5708.65,11.5,7.1,0.77,1.11,6.57,27.05,725.28
Controle Console,Microsoft Controle Console Modelo 971,"Controle Console da marca Microsoft, modelo avançado com alta performance para aplicações diversas.",897.9,19.8,8.67,3.34,1.23,3.46,36.5,122.56
Gabinete,Thermaltake Gabinete Modelo 829,"Gabinete da marca Thermaltake, modelo avançado com alta performance para aplicações diversas.",1711.99,30.98,15.79,6.62,0.82,5.81,60.02,273.95
Placa de Vídeo,NVIDIA Placa de Vídeo Modelo 160,"Placa de Vídeo da marca NVIDIA, modelo avançado com alta performance para aplicações diversas.",218.51,29.06,7.61,8.31,1.18,4.87,51.03,33.0
Notebook,Dell Notebook Modelo 488,"Notebook da marca Dell, modelo avançado com alta performance para aplicações diversas.",4769.96,23.12,6.17,0.05,1.61,5.14,36.09,649.14
Webcam,Redragon Webcam Modelo 115,"Webcam da marca Redragon, modelo avançado com alta performance para aplicações diversas.",279.26,30.27,17.02,8.19,1.18,5.42,62.08,45.26
Memória RAM,Crucial Memória RAM Modelo 492,"Memória RAM da marca Crucial, modelo avançado com alta performance para aplicações diversas.",2282.5,33.88,15.96,4.57,1.47,5.97,61.85,369.42
Cooler,Noctua Cooler Modelo 652,"Cooler da marca Noctua, modelo avançado com alta performance para aplicações diversas.",4489.07,20.34,17.75,6.98,1.47,4.58,51.12,678.39
Processador,Intel Processador Modelo 348,"Processador da marca Intel, modelo avançado com alta performance para aplicações diversas.",1247.93,16.9,14.11,1.37,1.01,5.54,38.93,173.38
Monitor,LG Monitor Modelo 374,"Monitor da marca LG, modelo avançado com alta performance para aplicações diversas.",4558.57,33.96,5.33,8.36,1.39,6.05,55.09,706.99
Placa de Vídeo,NVIDIA Placa de Vídeo Modelo 101,"Placa de Vídeo da marca NVIDIA, modelo avançado com alta performance para aplicações diversas.",3818.3,19.91,13.34,1.01,0.82,3.95,39.03,530.86
Placa de Vídeo,NVIDIA Placa de Vídeo Modelo 968,"Placa de Vídeo da marca NVIDIA, modelo avançado com alta performance para aplicações diversas.",2809.16,11.0,7.16,9.9,0.97,7.43,36.46,383.34
Mouse,Logitech Mouse Modelo 259,"Mouse da marca Logitech, modelo avançado com alta performance para aplicações diversas.",3240.76,30.94,14.49,8.85,1.09,5.15,60.52,520.21
Fonte,Corsair Fonte Modelo 272,"Fonte da marca Corsair, modelo avançado com alta performance para aplicações diversas.",4367.46,28.34,9.93,2.2,1.64,3.53,45.64,636.08
Processador,AMD Processador Modelo 191,"Processador da marca AMD, modelo avançado com alta performance para aplicações diversas.",3425.88,14.01,17.2,7.44,1.48,5.1,45.23,497.54
Controle Console,Sony Controle Console Modelo 902,"Controle Console da marca Sony, modelo avançado com alta performance para aplicações diversas.",2238.04,17.53,15.75,3.83,0.96,6.59,44.66,323.76
Mesa Gamer,Mymax Mesa Gamer Modelo 187,"Mesa Gamer da marca Mymax, modelo avançado com alta performance para aplicações diversas.",534.49,30.92,16.77,2.69,0.97,7.52,58.87,84.91
Mesa Gamer,Dazz Mesa Gamer Modelo 839,"Mesa Gamer da marca Dazz, modelo avançado com alta performance para aplicações diversas.",641.19,21.46,10.7,9.47,0.88,3.84,46.35,93.84
Monitor,AOC Monitor Modelo 621,"Monitor da marca AOC, modelo avançado com alta performance para aplicações diversas.",5513.75,12.57,15.45,8.91,0.84,7.49,45.26,800.93
Console,Nintendo Console Modelo 899,"Console da marca Nintendo, modelo avançado com alta performance para aplicações diversas.",1556.5,34.79,7.37,4.15,1.52,4.75,52.58,237.49
Notebook,HP Notebook Modelo 345,"Notebook da marca HP, modelo avançado com alta performance para aplicações diversas.",2499.4,35.95,13.19,5.45,1.17,4.31,60.07,400.08
Fonte,Corsair Fonte Modelo 722,"Fonte da marca Corsair, modelo avançado com alta performance para aplicações diversas.",2501.1,29.91,16.33,1.65,1.15,6.09,55.13,388.0
Processador,Intel Processador Modelo 213,"Processador da marca Intel, modelo avançado com alta performance para aplicações diversas.",1702.22,32.23,5.48,8.56,0.8,5.78,52.85,260.18
Console,Sony Console Modelo 571,"Console da marca Sony, modelo avançado com alta performance para aplicações diversas.",5660.55,33.32,17.74,1.69,1.0,3.02,56.77,887.4
Controle Console,Sony Controle Console Modelo 581,"Controle Console da marca Sony, modelo avançado com alta performance para aplicações diversas.",2888.56,32.69,17.82,5.22,1.03,5.09,61.85,467.51
Fonte,Cooler Master Fonte Modelo 959,"Fonte da marca Cooler Master, modelo avançado com alta performance para aplicações diversas.",4825.14,15.73,16.32,6.81,0.65,6.52,46.03,704.62
SSD,Kingston SSD Modelo 811,"SSD da marca Kingston, modelo avançado com alta performance para aplicações diversas.",2260.84,38.34,12.45,8.65,1.02,4.89,65.35,373.83
Mouse,Razer Mouse Modelo 342,"Mouse da marca Razer, modelo avançado com alta performance para aplicações diversas.",2874.49,11.5,12.19,4.62,0.75,6.65,35.71,390.1
HD,Seagate HD Modelo 916,"HD da marca Seagate, modelo avançado com alta performance para aplicações diversas.",110.61,22.21,6.49,2.62,1.41,6.65,39.38,15.42
Webcam,Redragon Webcam Modelo 680,"Webcam da marca Redragon, modelo avançado com alta performance para aplicações diversas.",1113.84,24.47,16.08,5.46,1.06,3.97,51.04,168.23
Webcam,Redragon Webcam Modelo 141,"Webcam da marca Redragon, modelo avançado com alta performance para aplicações diversas.",2737.96,22.52,17.22,1.44,0.72,3.35,45.25,397.69
SSD,Samsung SSD Modelo 742,"SSD da marca Samsung, modelo avançado com alta performance para aplicações diversas.",2026.09,35.73,11.09,7.36,1.25,6.37,61.8,327.82
Impressora,HP Impressora Modelo 210,"Impressora da marca HP, modelo avançado com alta performance para aplicações diversas.",357.51,19.04,5.17,4.6,1.09,4.24,34.14,47.96
Notebook,Lenovo Notebook Modelo 806,"Notebook da marca Lenovo, modelo avançado com alta performance para aplicações diversas.",1248.76,38.79,17.55,9.88,1.54,4.84,72.6,215.54
Mouse,Logitech Mouse Modelo 137,"Mouse da marca Logitech, modelo avançado com alta performance para aplicações diversas.",1427.2,37.37,6.82,8.25,0.79,5.15,58.38,226.04
Impressora,HP Impressora Modelo 603,"Impressora da marca HP, modelo avançado com alta performance para aplicações diversas.",1249.97,22.14,16.69,1.22,1.51,3.79,45.35,181.68
Webcam,Microsoft Webcam Modelo 451,"Webcam da marca Microsoft, modelo avançado com alta performance para aplicações diversas.",2223.7,22.75,12.14,6.37,1.23,7.53,50.02,333.6
Cooler,Thermaltake Cooler Modelo 585,"Cooler da marca Thermaltake, modelo avançado com alta performance para aplicações diversas.",3530.04,35.11,9.86,5.55,0.67,4.84,56.03,550.79
Teclado,Logitech Teclado Modelo 747,"Teclado da marca Logitech, modelo avançado com alta performance para aplicações diversas.",2418.62,23.64,11.11,9.88,1.61,6.37,52.61,369.11
HD,Toshiba HD Modelo 504,"HD da marca Toshiba, modelo avançado com alta performance para aplicações diversas.",3264.03,20.84,11.76,2.83,1.03,5.58,42.04,463.62
Monitor,AOC Monitor Modelo 659,"Monitor da marca AOC, modelo avançado com alta performance para aplicações diversas.",949.68,17.85,12.07,4.92,0.93,6.47,42.24,135.08
SSD,WD SSD Modelo 618,"SSD da marca WD, modelo avançado com alta performance para aplicações diversas.",1565.59,37.53,10.98,8.85,1.0,6.57,64.93,258.21
Teclado,Redragon Teclado Modelo 943,"Teclado da marca Redragon, modelo avançado com alta performance para aplicações diversas.",5907.91,35.08,5.11,2.32,0.94,5.34,48.79,879.04
Teclado,Redragon Teclado Modelo 465,"Teclado da marca Redragon, modelo avançado com alta performance para aplicações diversas.",425.16,23.52,11.14,7.46,0.89,7.51,50.52,64.0
Memória RAM,Crucial Memória RAM Modelo 230,"Memória RAM da marca Crucial, modelo avançado com alta performance para aplicações diversas.",203.07,30.44,10.76,0.13,1.33,7.42,50.08,30.48
Mouse,Razer Mouse Modelo 997,"Mouse da marca Razer, modelo avançado com alta performance para aplicações diversas.",3974.18,13.29,11.13,1.55,1.13,3.65,30.75,519.62
Memória RAM,Kingston Memória RAM Modelo 795,"Memória RAM da marca Kingston, modelo avançado com alta performance para aplicações diversas.",1232.28,18.21,9.05,1.87,1.07,5.59,35.79,167.33
Fonte,EVGA Fonte Modelo 635,"Fonte da marca EVGA, modelo avançado com alta performance para aplicações diversas.",1965.32,18.4,12.96,6.95,0.74,6.62,45.67,286.29
Monitor,AOC Monitor Modelo 536,"Monitor da marca AOC, modelo avançado com alta performance para aplicações diversas.",1541.25,18.1,16.31,8.43,1.62,4.69,49.15,229.88
Teclado,Razer Teclado Modelo 941,"Teclado da marca Razer, modelo avançado com alta performance para aplicações diversas.",3059.28,36.58,13.17,7.05,0.93,4.23,61.96,495.48
SSD,WD SSD Modelo 235,"SSD da marca WD, modelo avançado com alta performance para aplicações diversas.",5450.84,22.7,6.89,9.73,0.95,4.61,44.88,789.72
Processador,AMD Processador Modelo 824,"Processador da marca AMD, modelo avançado com alta performance para aplicações diversas.",3235.43,13.47,11.1,6.23,0.96,7.42,39.18,450.31
Webcam,Redragon Webcam Modelo 402,"Webcam da marca Redragon, modelo avançado com alta performance para aplicações diversas.",4611.04,16.79,16.15,4.18,0.88,4.45,42.45,656.84
Placa de Vídeo,AMD Placa de Vídeo Modelo 798,"Placa de Vídeo da marca AMD, modelo avançado com alta performance para aplicações diversas.",3376.91,26.92,9.23,1.36,0.99,4.11,42.61,481.58
SSD,Samsung SSD Modelo 559,"SSD da marca Samsung, modelo avançado com alta performance para aplicações diversas.",5877.47,19.98,7.4,5.32,1.63,5.37,39.7,821.08
Webcam,Microsoft Webcam Modelo 380,"Webcam da marca Microsoft, modelo avançado com alta performance para aplicações diversas.",967.49,12.49,14.19,7.46,1.56,5.21,40.91,136.33
Placa-mãe,ASUS Placa-mãe Modelo 282,"Placa-mãe da marca ASUS, modelo avançado com alta performance para aplicações diversas.",578.02,34.56,16.3,6.04,1.1,6.54,64.54,95.11
Notebook,Dell Notebook Modelo 930,"Notebook da marca Dell, modelo avançado com alta performance para aplicações diversas.",507.31,33.47,11.4,2.7,1.18,4.16,52.91,77.57
Mouse,Razer Mouse Modelo 231,"Mouse da marca Razer, modelo avançado com alta performance para aplicações diversas.",3067.06,38.29,10.22,1.7,0.91,6.04,57.16,482.02
Processador,Intel Processador Modelo 600,"Processador da marca Intel, modelo avançado com alta performance para aplicações diversas.",497.48,24.77,16.82,7.32,1.59,6.3,56.8,78.0
HD,Toshiba HD Modelo 804,"HD da marca Toshiba, modelo avançado com alta performance para aplicações diversas.",4821.61,26.21,5.76,7.23,0.89,7.33,47.42,710.8
Webcam,Logitech Webcam Modelo 990,"Webcam da marca Logitech, modelo avançado com alta performance para aplicações diversas.",670.56,27.08,9.18,0.92,1.29,7.36,45.83,97.79
Fonte,EVGA Fonte Modelo 311,"Fonte da marca EVGA, modelo avançado com alta performance para aplicações diversas.",1845.64,11.07,16.82,1.39,0.81,5.69,35.78,250.6
Headset,Razer Headset Modelo 862,"Headset da marca Razer, modelo avançado com alta performance para aplicações diversas.",4070.05,12.87,8.78,6.62,1.47,4.32,34.06,545.63
Fonte,Corsair Fonte Modelo 226,"Fonte da marca Corsair, modelo avançado com alta performance para aplicações diversas.",1332.7,25.21,8.63,0.19,1.11,4.7,39.84,186.36
Monitor,Samsung Monitor Modelo 168,"Monitor da marca Samsung, modelo avançado com alta performance para aplicações diversas.",1640.18,13.22,15.4,4.56,0.95,3.52,37.65,225.77
Mesa Gamer,Mymax Mesa Gamer Modelo 184,"Mesa Gamer da marca Mymax, modelo avançado com alta performance para aplicações diversas.",4197.59,29.17,12.64,9.0,1.29,3.02,55.12,651.13
Monitor,Samsung Monitor Modelo 365,"Monitor da marca Samsung, modelo avançado com alta performance para aplicações diversas.",1001.06,17.26,12.26,2.49,0.76,4.96,37.73,137.88
Mesa Gamer,Dazz Mesa Gamer Modelo 669,"Mesa Gamer da marca Dazz, modelo avançado com alta performance para aplicações diversas.",1908.67,39.76,16.08,4.5,0.96,4.83,66.13,317.09
Notebook,Lenovo Notebook Modelo 321,"Notebook da marca Lenovo, modelo avançado com alta performance para aplicações diversas.",1552.62,28.46,6.26,7.68,0.94,7.22,50.56,233.76
Fonte,Cooler Master Fonte Modelo 368,"Fonte da marca Cooler Master, modelo avançado com alta performance para aplicações diversas.",4024.54,12.69,16.33,7.88,1.29,7.57,45.76,586.62
Memória RAM,Crucial Memória RAM Modelo 191,"Memória RAM da marca Crucial, modelo avançado com alta performance para aplicações diversas.",3596.44,27.73,10.45,7.9,0.9,6.9,53.88,553.42
Gabinete,Thermaltake Gabinete Modelo 966,"Gabinete da marca Thermaltake, modelo avançado com alta performance para aplicações diversas.",5439.53,33.09,10.91,2.3,1.49,4.54,52.33,828.6
Placa-mãe,MSI Placa-mãe Modelo 337,"Placa-mãe da marca MSI, modelo avançado com alta performance para aplicações diversas.",4714.81,34.83,16.02,2.35,1.03,4.18,58.41,746.87
Cooler,Cooler Master Cooler Modelo 127,"Cooler da marca Cooler Master, modelo avançado com alta performance para aplicações diversas.",4616.07,14.64,11.78,4.66,1.6,3.62,36.3,629.17
Webcam,Logitech Webcam Modelo 808,"Webcam da marca Logitech, modelo avançado com alta performance para aplicações diversas.",2284.63,11.21,16.71,1.31,0.75,4.67,34.65,307.62
Teclado,Razer Teclado Modelo 933,"Teclado da marca Razer, modelo avançado com alta performance para aplicações diversas.",4031.9,15.64,9.2,1.7,0.67,6.64,33.85,539.67
Console,Microsoft Console Modelo 480,"Console da marca Microsoft, modelo avançado com alta performance para aplicações diversas.",3187.67,26.78,9.07,0.39,1.41,3.24,40.89,449.11
SSD,Kingston SSD Modelo 920,"SSD da marca Kingston, modelo avançado com alta performance para aplicações diversas.",1508.37,27.8,16.42,0.6,1.51,5.5,51.83,229.02
Console,Nintendo Console Modelo 860,"Console da marca Nintendo, modelo avançado com alta performance para aplicações diversas.",3067.46,37.45,13.89,7.15,1.06,3.41,62.96,499.87
SSD,WD SSD Modelo 210,"SSD da marca WD, modelo avançado com alta performance para aplicações diversas.",683.27,31.34,5.86,0.07,0.97,4.31,42.55,97.4
Memória RAM,Corsair Memória RAM Modelo 849,"Memória RAM da marca Corsair, modelo avançado com alta performance para aplicações diversas.",5522.15,11.57,6.0,9.84,1.38,7.3,36.09,751.51
Monitor,LG Monitor Modelo 388,"Monitor da marca LG, modelo avançado com alta performance para aplicações diversas.",2036.6,23.04,9.26,8.25,1.61,4.29,46.45,298.26
Mesa Gamer,Mymax Mesa Gamer Modelo 309,"Mesa Gamer da marca Mymax, modelo avançado com alta performance para aplicações diversas.",3258.09,37.76,17.35,9.43,1.54,6.15,72.23,561.14
Teclado,Logitech Teclado Modelo 273,"Teclado da marca Logitech, modelo avançado com alta performance para aplicações diversas.",2631.66,23.15,13.47,4.68,0.79,6.59,48.68,391.28
Placa-mãe,MSI Placa-mãe Modelo 641,"Placa-mãe da marca MSI, modelo avançado com alta performance para aplicações diversas.",4524.42,28.21,10.69,6.99,0.95,4.74,51.58,685.81
Placa de Vídeo,NVIDIA Placa de Vídeo Modelo 259,"Placa de Vídeo da marca NVIDIA, modelo avançado com alta performance para aplicações diversas.",2048.49,39.28,7.4,4.85,1.58,3.4,56.51,320.61
Gabinete,Thermaltake Gabinete Modelo 506,"Gabinete da marca Thermaltake, modelo avançado com alta performance para aplicações diversas.",4033.08,34.99,17.72,2.04,1.57,4.18,60.5,647.31
Impressora,HP Impressora Modelo 647,"Impressora da marca HP, modelo avançado com alta performance para aplicações diversas.",3768.58,10.11,15.38,0.75,1.54,7.02,34.8,508.0
Console,Nintendo Console Modelo 727,"Console da marca Nintendo, modelo avançado com alta performance para aplicações diversas.",1595.36,20.84,16.63,8.86,0.65,3.51,50.49,240.09
Processador,AMD Processador Modelo 788,"Processador da marca AMD, modelo avançado com alta performance para aplicações diversas.",1587.55,20.85,10.15,9.9,1.19,7.25,49.34,237.08
Gabinete,Cooler Master Gabinete Modelo 744,"Gabinete da marca Cooler Master, modelo avançado com alta performance para aplicações diversas.",1539.94,37.94,6.21,4.29,1.45,4.51,54.4,237.77
Processador,Intel Processador Modelo 717,"Processador da marca Intel, modelo avançado com alta performance para aplicações diversas.",3017.4,19.83,6.45,1.02,0.72,3.05,31.07,395.49
Mouse,Logitech Mouse Modelo 946,"Mouse da marca Logitech, modelo avançado com alta performance para aplicações diversas.",5757.24,34.83,12.43,8.13,1.63,4.49,61.51,929.85
Mouse,Logitech Mouse Modelo 728,"Mouse da marca Logitech, modelo avançado com alta performance para aplicações diversas.",3482.25,25.58,15.03,8.06,0.66,4.55,53.88,535.85
Mesa Gamer,Dazz Mesa Gamer Modelo 543,"Mesa Gamer da marca Dazz, modelo avançado com alta performance para aplicações diversas.",1614.03,17.15,7.16,9.22,1.03,3.18,37.74,222.32
Suporte Monitor,ELG Suporte Monitor Modelo 596,"Suporte Monitor da marca ELG, modelo avançado com alta performance para aplicações diversas.",1688.96,29.63,16.36,3.66,1.41,4.57,55.63,262.85
Monitor,Samsung Monitor Modelo 745,"Monitor da marca Samsung, modelo avançado com alta performance para aplicações diversas.",4054.27,36.05,12.39,6.55,1.18,5.89,62.06,657.04
Controle Console,8BitDo Controle Console Modelo 511,"Controle Console da marca 8BitDo, modelo avançado com alta performance para aplicações diversas.",1056.51,22.29,12.18,3.22,1.41,4.92,44.02,152.16
Notebook,HP Notebook Modelo 142,"Notebook da marca HP, modelo avançado com alta performance para aplicações diversas.",3231.16,27.16,8.33,9.61,0.74,4.95,50.79,487.23
Webcam,Redragon Webcam Modelo 440,"Webcam da marca Redragon, modelo avançado com alta performance para aplicações diversas.",5375.3,38.7,17.31,8.94,1.11,5.58,71.64,922.62
Teclado,Logitech Teclado Modelo 338,"Teclado da marca Logitech, modelo avançado com alta performance para aplicações diversas.",5172.83,13.54,16.43,5.58,1.61,4.62,41.78,733.4
Placa de Vídeo,AMD Placa de Vídeo Modelo 891,"Placa de Vídeo da marca AMD, modelo avançado com alta performance para aplicações diversas.",3086.41,23.24,8.49,4.01,1.1,4.35,41.19,435.77
Console,Sony Console Modelo 419,"Console da marca Sony, modelo avançado com alta performance para aplicações diversas.",194.76,17.41,17.08,7.88,0.73,6.41,49.51,29.12
Console,Microsoft Console Modelo 795,"Console da marca Microsoft, modelo avançado com alta performance para aplicações diversas.",3634.69,32.92,8.97,2.14,0.83,5.45,50.31,546.33
HD,WD HD Modelo 840,"HD da marca WD, modelo avançado com alta performance para aplicações diversas.",2872.11,29.81,15.34,9.81,1.05,4.74,60.75,461.69
Placa de Vídeo,AMD Placa de Vídeo Modelo 942,"Placa de Vídeo da marca AMD, modelo avançado com alta performance para aplicações diversas.",5100.49,13.69,8.87,8.68,1.12,6.24,38.6,706.93
Mesa Gamer,Mymax Mesa Gamer Modelo 121,"Mesa Gamer da marca Mymax, modelo avançado com alta performance para aplicações diversas.",189.57,37.2,5.3,7.1,0.95,6.77,57.32,29.82
Placa-mãe,MSI Placa-mãe Modelo 976,"Placa-mãe da marca MSI, modelo avançado com alta performance para aplicações diversas.",613.27,29.47,12.41,2.54,1.0,5.86,51.28,92.78
Fonte,Cooler Master Fonte Modelo 643,"Fonte da marca Cooler Master, modelo avançado com alta performance para aplicações diversas.",1685.67,13.29,13.63,3.77,1.28,7.56,39.53,235.2
Mouse,Corsair Mouse Modelo 752,"Mouse da marca Corsair, modelo avançado com alta performance para aplicações diversas.",938.42,31.31,15.19,8.02,1.4,5.69,61.61,151.66
HD,Toshiba HD Modelo 891,"HD da marca Toshiba, modelo avançado com alta performance para aplicações diversas.",2948.55,14.29,13.44,0.66,1.11,6.86,36.36,402.06
Notebook,Lenovo Notebook Modelo 951,"Notebook da marca Lenovo, modelo avançado com alta performance para aplicações diversas.",5187.04,14.08,15.26,5.13,1.32,6.29,42.08,736.98
Webcam,Microsoft Webcam Modelo 556,"Webcam da marca Microsoft, modelo avançado com alta performance para aplicações diversas.",2625.32,17.68,6.83,4.39,1.08,3.66,33.64,350.85
Mouse,Logitech Mouse Modelo 987,"Mouse da marca Logitech, modelo avançado com alta performance para aplicações diversas.",5677.31,36.22,5.2,5.16,1.1,5.26,52.94,868.29
Placa de Vídeo,AMD Placa de Vídeo Modelo 946,"Placa de Vídeo da marca AMD, modelo avançado com alta performance para aplicações diversas.",209.7,31.45,6.18,5.57,1.53,7.34,52.07,31.89
Impressora,Epson Impressora Modelo 492,"Impressora da marca Epson, modelo avançado com alta performance para aplicações diversas.",1186.92,31.35,16.18,0.96,1.53,4.56,54.58,183.47
HD,WD HD Modelo 542,"HD da marca WD, modelo avançado com alta performance para aplicações diversas.",3991.34,13.72,12.77,7.18,1.43,3.17,38.27,551.88
Mesa Gamer,ThunderX3 Mesa Gamer Modelo 348,"Mesa Gamer da marca ThunderX3, modelo avançado com alta performance para aplicações diversas.",5585.71,23.84,16.25,5.36,0.99,6.2,52.64,852.6
Monitor,LG Monitor Modelo 475,"Monitor da marca LG, modelo avançado com alta performance para aplicações diversas.",481.89,35.66,8.3,3.64,0.85,7.41,55.86,75.11
Memória RAM,Crucial Memória RAM Modelo 122,"Memória RAM da marca Crucial, modelo avançado com alta performance para aplicações diversas.",1522.79,31.3,8.47,9.29,1.54,5.0,55.6,236.95
Controle Console,Sony Controle Console Modelo 610,"Controle Console da marca Sony, modelo avançado com alta performance para aplicações diversas.",4061.75,13.29,15.08,6.16,0.77,4.57,39.87,568.12
Memória RAM,Corsair Memória RAM Modelo 975,"Memória RAM da marca Corsair, modelo avançado com alta performance para aplicações diversas.",5675.19,27.06,8.03,8.72,0.95,6.18,50.94,856.61
Placa-mãe,ASUS Placa-mãe Modelo 328,"Placa-mãe da marca ASUS, modelo avançado com alta performance para aplicações diversas.",4661.93,12.14,12.97,3.7,1.12,4.03,33.96,624.51
Webcam,Logitech Webcam Modelo 397,"Webcam da marca Logitech, modelo avançado com alta performance para aplicações diversas.",2961.49,24.47,9.55,2.98,1.55,6.28,44.83,428.91
Controle Console,Sony Controle Console Modelo 190,"Controle Console da marca Sony, modelo avançado com alta performance para aplicações diversas.",2288.85,17.72,14.36,6.33,0.91,5.78,45.1,332.11
Notebook,Lenovo Notebook Modelo 151,"Notebook da marca Lenovo, modelo avançado com alta performance para aplicações diversas.",3744.61,13.51,16.48,1.57,1.61,7.27,40.44,525.89
Monitor,AOC Monitor Modelo 731,"Monitor da marca AOC, modelo avançado com alta performance para aplicações diversas.",4285.92,26.87,8.38,6.05,1.21,4.01,46.52,627.97
Monitor,Samsung Monitor Modelo 971,"Monitor da marca Samsung, modelo avançado com alta performance para aplicações diversas.",676.17,33.88,8.92,6.24,1.22,6.47,56.73,105.98
Controle Console,8BitDo Controle Console Modelo 376,"Controle Console da marca 8BitDo, modelo avançado com alta performance para aplicações diversas.",1295.31,22.83,17.11,2.49,1.52,5.71,49.66,193.86
Processador,AMD Processador Modelo 536,"Processador da marca AMD, modelo avançado com alta performance para aplicações diversas.",5154.98,35.18,8.38,5.92,1.64,7.55,58.67,817.94
Processador,AMD Processador Modelo 676,"Processador da marca AMD, modelo avançado com alta performance para aplicações diversas.",2177.0,18.55,12.68,3.62,0.66,3.51,39.02,302.65
Impressora,Epson Impressora Modelo 686,"Impressora da marca Epson, modelo avançado com alta performance para aplicações diversas.",4386.8,33.36,11.89,5.87,1.13,3.09,55.34,681.45
Processador,AMD Processador Modelo 927,"Processador da marca AMD, modelo avançado com alta performance para aplicações diversas.",3173.92,15.1,10.44,2.83,0.86,4.56,33.79,424.64
SSD,Samsung SSD Modelo 895,"SSD da marca Samsung, modelo avançado com alta performance para aplicações diversas.",533.52,20.37,13.89,5.48,1.05,6.93,47.72,78.81
SSD,Kingston SSD Modelo 778,"SSD da marca Kingston, modelo avançado com alta performance para aplicações diversas.",4811.79,31.13,13.51,5.14,0.7,3.96,54.44,743.13
HD,Seagate HD Modelo 795,"HD da marca Seagate, modelo avançado com alta performance para aplicações diversas.",2365.19,18.79,5.23,1.26,0.91,6.89,33.08,314.76
Placa-mãe,MSI Placa-mãe Modelo 262,"Placa-mãe da marca MSI, modelo avançado com alta performance para aplicações diversas.",5018.39,25.89,9.25,2.07,0.87,7.31,45.39,729.62
Controle Console,Microsoft Controle Console Modelo 754,"Controle Console da marca Microsoft, modelo avançado com alta performance para aplicações diversas.",5138.8,36.56,12.54,5.58,0.8,6.81,62.29,833.98
Mesa Gamer,ThunderX3 Mesa Gamer Modelo 982,"Mesa Gamer da marca ThunderX3, modelo avançado com alta performance para aplicações diversas.",971.44,20.14,8.89,5.63,0.74,7.44,42.84,138.76
SSD,Kingston SSD Modelo 923,"SSD da marca Kingston, modelo avançado com alta performance para aplicações diversas.",209.44,39.37,14.48,3.36,1.14,4.16,62.51,34.04
Impressora,Epson Impressora Modelo 790,"Impressora da marca Epson, modelo avançado com alta performance para aplicações diversas.",5683.45,31.24,13.56,2.68,1.19,6.89,55.56,884.12
Memória RAM,Crucial Memória RAM Modelo 566,"Memória RAM da marca Crucial, modelo avançado com alta performance para aplicações diversas.",2848.75,33.12,17.16,4.01,1.44,5.24,60.97,458.56
Cooler,Noctua Cooler Modelo 852,"Cooler da marca Noctua, modelo avançado com alta performance para aplicações diversas.",2647.65,14.2,15.76,5.95,0.67,3.08,39.66,369.77
Teclado,Razer Teclado Modelo 883,"Teclado da marca Razer, modelo avançado com alta performance para aplicações diversas.",4525.69,37.74,8.92,0.91,1.07,3.96,52.6,690.62
Monitor,Samsung Monitor Modelo 719,"Monitor da marca Samsung, modelo avançado com alta performance para aplicações diversas.",5777.82,29.67,7.47,7.75,0.81,5.39,51.09,872.97
Processador,AMD Processador Modelo 649,"Processador da marca AMD, modelo avançado com alta performance para aplicações diversas.",3262.59,13.65,13.41,5.75,0.83,7.25,40.89,459.67
Controle Console,Sony Controle Console Modelo 308,"Controle Console da marca Sony, modelo avançado com alta performance para aplicações diversas.",3310.99,29.81,15.33,8.99,1.59,3.71,59.43,527.87
Mouse,Logitech Mouse Modelo 139,"Mouse da marca Logitech, modelo avançado com alta performance para aplicações diversas.",1614.84,16.04,15.19,3.26,1.2,5.7,41.39,228.32
Gabinete,Thermaltake Gabinete Modelo 516,"Gabinete da marca Thermaltake, modelo avançado com alta performance para aplicações diversas.",1967.0,14.47,9.21,0.77,1.16,7.28,32.89,261.4
Controle Console,Microsoft Controle Console Modelo 602,"Controle Console da marca Microsoft, modelo avançado com alta performance para aplicações diversas.",5630.75,19.33,8.39,2.24,1.31,6.22,37.49,774.17
Headset,HyperX Headset Modelo 200,"Headset da marca HyperX, modelo avançado com alta performance para aplicações diversas.",1965.76,30.19,8.74,0.53,0.76,7.49,47.71,290.36
Memória RAM,Kingston Memória RAM Modelo 667,"Memória RAM da marca Kingston, modelo avançado com alta performance para aplicações diversas.",5229.32,22.0,15.01,2.13,1.33,7.46,47.93,773.57
Placa de Vídeo,NVIDIA Placa de Vídeo Modelo 329,"Placa de Vídeo da marca NVIDIA, modelo avançado com alta performance para aplicações diversas.",5646.75,33.77,5.12,8.46,0.77,5.01,53.13,864.69
Cooler,Noctua Cooler Modelo 926,"Cooler da marca Noctua, modelo avançado com alta performance para aplicações diversas.",3307.9,28.29,6.71,0.07,1.64,7.49,44.2,477.0
Memória RAM,Kingston Memória RAM Modelo 145,"Memória RAM da marca Kingston, modelo avançado com alta performance para aplicações diversas.",2255.31,30.81,10.26,9.46,0.68,3.67,54.88,349.3
Headset,HyperX Headset Modelo 348,"Headset da marca HyperX, modelo avançado com alta performance para aplicações diversas.",3397.1,26.19,6.27,0.48,1.33,4.21,38.48,470.43
Mouse,Logitech Mouse Modelo 284,"Mouse da marca Logitech, modelo avançado com alta performance para aplicações diversas.",1527.96,26.31,14.64,1.5,1.27,5.85,49.57,228.54
Placa de Vídeo,NVIDIA Placa de Vídeo Modelo 970,"Placa de Vídeo da marca NVIDIA, modelo avançado com alta performance para aplicações diversas.",3485.58,38.65,5.23,8.08,0.68,5.39,58.03,550.83
Monitor,LG Monitor Modelo 842,"Monitor da marca LG, modelo avançado com alta performance para aplicações diversas.",4522.31,20.97,8.93,5.73,0.99,3.88,40.5,635.38
Teclado,Redragon Teclado Modelo 432,"Teclado da marca Redragon, modelo avançado com alta performance para aplicações diversas.",5713.36,26.17,16.37,5.76,0.68,4.0,52.98,874.03
Placa-mãe,Gigabyte Placa-mãe Modelo 900,"Placa-mãe da marca Gigabyte, modelo avançado com alta performance para aplicações diversas.",2125.78,10.87,9.96,7.36,1.5,5.66,35.35,287.72
Console,Sony Console Modelo 434,"Console da marca Sony, modelo avançado com alta performance para aplicações diversas.",2799.65,12.58,6.77,1.22,0.68,5.55,26.8,355.0
Teclado,Redragon Teclado Modelo 188,"Teclado da marca Redragon, modelo avançado com alta performance para aplicações diversas.",794.98,37.54,9.71,2.06,1.03,3.29,53.63,122.13
Memória RAM,Corsair Memória RAM Modelo 102,"Memória RAM da marca Corsair, modelo avançado com alta performance para aplicações diversas.",4012.55,27.72,17.54,5.58,0.87,3.6,55.31,623.19
Controle Console,Microsoft Controle Console Modelo 758,"Controle Console da marca Microsoft, modelo avançado com alta performance para aplicações diversas.",1752.65,18.5,8.03,6.46,1.6,4.04,38.63,242.97
Gabinete,NZXT Gabinete Modelo 124,"Gabinete da marca NZXT, modelo avançado com alta performance para aplicações diversas.",344.23,32.48,9.77,3.53,0.77,3.42,49.97,51.62
Impressora,HP Impressora Modelo 166,"Impressora da marca HP, modelo avançado com alta performance para aplicações diversas.",5324.37,25.74,7.05,1.19,0.97,4.09,39.04,740.3
Console,Microsoft Console Modelo 533,"Console da marca Microsoft, modelo avançado com alta performance para aplicações diversas.",4663.81,38.12,5.72,2.47,1.22,4.21,51.74,707.69
Mesa Gamer,Dazz Mesa Gamer Modelo 542,"Mesa Gamer da marca Dazz, modelo avançado com alta performance para aplicações diversas.",3635.81,29.16,6.77,3.77,0.71,6.9,47.31,535.59
Monitor,LG Monitor Modelo 163,"Monitor da marca LG, modelo avançado com alta performance para aplicações diversas.",3147.92,19.79,14.49,9.13,1.2,7.13,51.74,477.66
Fonte,EVGA Fonte Modelo 789,"Fonte da marca EVGA, modelo avançado com alta performance para aplicações diversas.",4801.04,16.44,7.45,6.98,1.18,5.38,37.43,659.81
Notebook,Dell Notebook Modelo 440,"Notebook da marca Dell, modelo avançado com alta performance para aplicações diversas.",4933.48,15.08,7.79,6.7,0.66,5.92,36.15,671.69
Impressora,Epson Impressora Modelo 817,"Impressora da marca Epson, modelo avançado com alta performance para aplicações diversas.",2489.07,14.05,8.6,2.75,1.01,4.88,31.29,326.79
Impressora,Canon Impressora Modelo 809,"Impressora da marca Canon, modelo avançado com alta performance para aplicações diversas.",724.15,32.95,11.18,5.06,0.87,6.72,56.78,113.53
Cooler,Thermaltake Cooler Modelo 192,"Cooler da marca Thermaltake, modelo avançado com alta performance para aplicações diversas.",5387.13,18.79,12.94,9.9,1.46,7.37,50.46,810.55
Placa de Vídeo,AMD Placa de Vídeo Modelo 642,"Placa de Vídeo da marca AMD, modelo avançado com alta performance para aplicações diversas.",5661.6,35.27,8.66,2.25,0.75,7.3,54.23,873.19
Memória RAM,Crucial Memória RAM Modelo 500,"Memória RAM da marca Crucial, modelo avançado com alta performance para aplicações diversas.",3223.99,35.51,12.18,1.59,1.4,7.13,57.81,508.78
Console,Nintendo Console Modelo 919,"Console da marca Nintendo, modelo avançado com alta performance para aplicações diversas.",1102.25,23.49,11.53,6.58,1.61,4.59,47.8,162.91
Mesa Gamer,Dazz Mesa Gamer Modelo 861,"Mesa Gamer da marca Dazz, modelo avançado com alta performance para aplicações diversas.",1127.06,16.5,11.5,9.48,1.58,6.82,45.88,164.42
Memória RAM,Kingston Memória RAM Modelo 980,"Memória RAM da marca Kingston, modelo avançado com alta performance para aplicações diversas.",5129.62,15.76,16.78,0.93,1.02,5.92,40.41,720.25
Impressora,Canon Impressora Modelo 869,"Impressora da marca Canon, modelo avançado com alta performance para aplicações diversas.",3438.13,35.28,7.15,3.84,0.67,4.66,51.6,521.22
Notebook,Dell Notebook Modelo 650,"Notebook da marca Dell, modelo avançado com alta performance para aplicações diversas.",3362.23,21.16,13.15,4.54,1.11,3.08,43.04,480.93
Headset,HyperX Headset Modelo 837,"Headset da marca HyperX, modelo avançado com alta performance para aplicações diversas.",3084.27,20.29,6.36,1.32,1.0,4.2,33.17,410.73
Fonte,Cooler Master Fonte Modelo 142,"Fonte da marca Cooler Master, modelo avançado com alta performance para aplicações diversas.",2194.41,21.49,16.94,0.26,0.72,7.26,46.67,321.85
HD,WD HD Modelo 516,"HD da marca WD, modelo avançado com alta performance para aplicações diversas.",1288.48,15.95,13.22,0.34,1.36,3.41,34.28,173.02
Processador,Intel Processador Modelo 796,"Processador da marca Intel, modelo avançado com alta performance para aplicações diversas.",1292.51,22.83,12.48,7.5,1.48,7.56,51.85,196.27
Controle Console,Microsoft Controle Console Modelo 504,"Controle Console da marca Microsoft, modelo avançado com alta performance para aplicações diversas.",272.85,10.8,12.86,2.78,0.69,6.16,33.29,36.37
Fonte,Corsair Fonte Modelo 780,"Fonte da marca Corsair, modelo avançado com alta performance para aplicações diversas.",1927.97,19.22,13.53,6.25,0.79,5.61,45.4,280.33
Controle Console,Sony Controle Console Modelo 915,"Controle Console da marca Sony, modelo avançado com alta performance para aplicações diversas.",926.6,25.16,5.9,8.92,1.58,6.7,48.26,137.38
Teclado,Logitech Teclado Modelo 949,"Teclado da marca Logitech, modelo avançado com alta performance para aplicações diversas.",3428.85,21.47,9.99,7.73,0.8,4.0,43.99,493.72
SSD,Samsung SSD Modelo 709,"SSD da marca Samsung, modelo avançado com alta performance para aplicações diversas.",5669.29,11.77,15.29,9.36,1.62,5.04,43.08,811.16
Mouse,Logitech Mouse Modelo 534,"Mouse da marca Logitech, modelo avançado com alta performance para aplicações diversas.",2357.71,18.61,12.64,8.73,0.77,4.99,45.74,343.61
Mesa Gamer,ThunderX3 Mesa Gamer Modelo 852,"Mesa Gamer da marca ThunderX3, modelo avançado com alta performance para aplicações diversas.",1993.22,21.89,10.65,2.76,0.77,6.8,42.87,284.77
Webcam,Redragon Webcam Modelo 296,"Webcam da marca Redragon, modelo avançado com alta performance para aplicações diversas.",3017.14,22.37,13.69,7.77,1.39,4.35,49.57,451.27
Suporte Monitor,ELG Suporte Monitor Modelo 276,"Suporte Monitor da marca ELG, modelo avançado com alta performance para aplicações diversas.",2263.34,39.53,11.2,1.49,1.24,3.73,57.19,355.77
SSD,WD SSD Modelo 340,"SSD da marca WD, modelo avançado com alta performance para aplicações diversas.",2286.98,32.26,9.97,2.6,1.61,6.24,52.68,349.18
Controle Console,Microsoft Controle Console Modelo 897,"Controle Console da marca Microsoft, modelo avançado com alta performance para aplicações diversas.",817.55,21.04,8.44,5.85,1.01,5.58,41.92,116.03
Suporte Monitor,ELG Suporte Monitor Modelo 553,"Suporte Monitor da marca ELG, modelo avançado com alta performance para aplicações diversas.",5531.92,12.28,8.78,7.05,0.86,3.05,32.02,730.32
Controle Console,8BitDo Controle Console Modelo 356,"Controle Console da marca 8BitDo, modelo avançado com alta performance para aplicações diversas.",1030.28,24.27,9.37,7.88,1.32,6.36,49.2,153.72
Mesa Gamer,Dazz Mesa Gamer Modelo 188,"Mesa Gamer da marca Dazz, modelo avançado com alta performance para aplicações diversas.",5435.57,34.44,9.83,1.04,0.8,6.52,52.63,829.63
Webcam,Logitech Webcam Modelo 815,"Webcam da marca Logitech, modelo avançado com alta performance para aplicações diversas.",4334.59,27.53,12.94,0.0,1.34,5.68,47.49,639.31
Teclado,Logitech Teclado Modelo 255,"Teclado da marca Logitech, modelo avançado com alta performance para aplicações diversas.",1270.11,21.99,11.71,7.61,1.16,5.67,48.14,188.15
Impressora,Canon Impressora Modelo 546,"Impressora da marca Canon, modelo avançado com alta performance para aplicações diversas.",916.13,10.03,13.39,3.55,1.54,3.52,32.03,120.96
Controle Console,8BitDo Controle Console Modelo 635,"Controle Console da marca 8BitDo, modelo avançado com alta performance para aplicações diversas.",2399.57,37.87,17.01,8.19,1.38,4.04,68.49,404.3
Webcam,Logitech Webcam Modelo 624,"Webcam da marca Logitech, modelo avançado com alta performance para aplicações diversas.",5791.81,37.71,8.87,6.8,1.22,6.61,61.21,933.7
Placa de Vídeo,NVIDIA Placa de Vídeo Modelo 329,"Placa de Vídeo da marca NVIDIA, modelo avançado com alta performance para aplicações diversas.",942.52,27.04,16.33,0.2,1.09,4.66,49.32,140.74
Teclado,Logitech Teclado Modelo 267,"Teclado da marca Logitech, modelo avançado com alta performance para aplicações diversas.",3002.22,32.82,16.33,0.02,0.81,5.24,55.22,466.0
Mouse,Razer Mouse Modelo 767,"Mouse da marca Razer, modelo avançado com alta performance para aplicações diversas.",4840.87,22.91,5.3,2.8,1.19,4.11,36.31,659.86
Impressora,Canon Impressora Modelo 319,"Impressora da marca Canon, modelo avançado com alta performance para aplicações diversas.",2607.62,28.85,15.81,8.54,1.01,3.86,58.07,412.19
Processador,Intel Processador Modelo 398,"Processador da marca Intel, modelo avançado com alta performance para aplicações diversas.",717.44,18.85,9.88,0.91,0.91,5.32,35.87,97.48
Mouse,Logitech Mouse Modelo 568,"Mouse da marca Logitech, modelo avançado com alta performance para aplicações diversas.",5976.09,18.07,10.72,5.66,1.23,4.25,39.93,836.23
Impressora,HP Impressora Modelo 822,"Impressora da marca HP, modelo avançado com alta performance para aplicações diversas.",5084.29,34.94,15.33,9.6,1.45,3.45,64.77,837.74
Fonte,Cooler Master Fonte Modelo 255,"Fonte da marca Cooler Master, modelo avançado com alta performance para aplicações diversas.",1781.27,37.57,12.35,5.7,1.34,4.22,61.18,287.1
Mesa Gamer,Dazz Mesa Gamer Modelo 114,"Mesa Gamer da marca Dazz, modelo avançado com alta performance para aplicações diversas.",177.44,17.87,5.52,2.06,0.94,4.21,30.6,23.17
Fonte,Corsair Fonte Modelo 375,"Fonte da marca Corsair, modelo avançado com alta performance para aplicações diversas.",1373.41,39.44,6.84,8.17,1.52,5.66,61.63,221.98
Controle Console,8BitDo Controle Console Modelo 108,"Controle Console da marca 8BitDo, modelo avançado com alta performance para aplicações diversas.",712.78,25.46,5.74,2.27,0.96,3.97,38.4,98.65
Headset,Logitech Headset Modelo 707,"Headset da marca Logitech, modelo avançado com alta performance para aplicações diversas.",1076.1,38.88,14.62,0.22,1.24,5.89,60.85,173.09
Teclado,Redragon Teclado Modelo 611,"Teclado da marca Redragon, modelo avançado com alta performance para aplicações diversas.",5160.81,34.89,13.65,9.91,0.85,4.19,63.49,843.74
Suporte Monitor,ELG Suporte Monitor Modelo 951,"Suporte Monitor da marca ELG, modelo avançado com alta performance para aplicações diversas.",1733.97,37.21,14.69,6.64,1.41,6.54,66.49,288.69
Memória RAM,Corsair Memória RAM Modelo 186,"Memória RAM da marca Corsair, modelo avançado com alta performance para aplicações diversas.",4343.89,13.08,11.33,6.49,1.23,5.07,37.2,595.98
HD,WD HD Modelo 540,"HD da marca WD, modelo avançado com alta performance para aplicações diversas.",2044.41,17.4,16.07,6.11,0.74,4.7,45.02,296.48
Suporte Monitor,Multivisão Suporte Monitor Modelo 749,"Suporte Monitor da marca Multivisão, modelo avançado com alta performance para aplicações diversas.",3746.06,24.74,9.27,8.34,0.87,3.6,46.82,550.0
Memória RAM,Kingston Memória RAM Modelo 975,"Memória RAM da marca Kingston, modelo avançado com alta performance para aplicações diversas.",1236.28,11.62,13.61,4.11,1.48,4.79,35.61,167.65
Fonte,EVGA Fonte Modelo 624,"Fonte da marca EVGA, modelo avançado com alta performance para aplicações diversas.",1115.89,20.72,8.62,2.27,0.7,4.24,36.55,152.38
Headset,HyperX Headset Modelo 277,"Headset da marca HyperX, modelo avançado com alta performance para aplicações diversas.",903.74,36.49,8.99,9.17,1.32,6.7,62.67,147.01
Suporte Monitor,Furitec Suporte Monitor Modelo 185,"Suporte Monitor da marca Furitec, modelo avançado com alta performance para aplicações diversas.",3160.33,20.6,6.32,4.73,0.9,5.32,37.87,435.72
Teclado,Razer Teclado Modelo 383,"Teclado da marca Razer, modelo avançado com alta performance para aplicações diversas.",4669.25,38.7,12.58,8.19,1.58,3.6,64.65,768.79
Suporte Monitor,ELG Suporte Monitor Modelo 739,"Suporte Monitor da marca ELG, modelo avançado com alta performance para aplicações diversas.",4850.06,16.7,13.38,0.07,1.06,3.38,34.59,652.77
Console,Nintendo Console Modelo 662,"Console da marca Nintendo, modelo avançado com alta performance para aplicações diversas.",3089.53,23.74,9.31,1.01,1.33,3.03,38.42,427.65
SSD,Kingston SSD Modelo 171,"SSD da marca Kingston, modelo avançado com alta performance para aplicações diversas.",1128.44,37.66,8.38,9.42,0.89,6.72,63.07,184.02
HD,Toshiba HD Modelo 164,"HD da marca Toshiba, modelo avançado com alta performance para aplicações diversas.",3487.38,32.68,5.06,5.59,1.33,3.94,48.6,518.22
Impressora,HP Impressora Modelo 379,"Impressora da marca HP, modelo avançado com alta performance para aplicações diversas.",1112.62,16.38,7.7,9.42,1.06,6.51,41.07,156.96
Suporte Monitor,Furitec Suporte Monitor Modelo 386,"Suporte Monitor da marca Furitec, modelo avançado com alta performance para aplicações diversas.",2534.74,35.13,11.26,1.45,0.7,3.65,52.19,385.76
Mouse,Logitech Mouse Modelo 282,"Mouse da marca Logitech, modelo avançado com alta performance para aplicações diversas.",5104.95,17.01,9.42,4.07,0.67,3.03,34.2,685.08
Headset,Logitech Headset Modelo 793,"Headset da marca Logitech, modelo avançado com alta performance para aplicações diversas.",5489.34,28.71,10.69,1.33,0.69,4.44,45.86,800.68
Controle Console,Microsoft Controle Console Modelo 866,"Controle Console da marca Microsoft, modelo avançado com alta performance para aplicações diversas.",135.14,30.98,6.86,4.16,0.7,6.42,49.12,20.15
Webcam,Microsoft Webcam Modelo 131,"Webcam da marca Microsoft, modelo avançado com alta performance para aplicações diversas.",5541.95,17.74,5.08,4.08,1.54,5.65,34.09,743.12
Cooler,Noctua Cooler Modelo 991,"Cooler da marca Noctua, modelo avançado com alta performance para aplicações diversas.",1194.48,19.49,8.47,7.03,1.03,4.34,40.36,167.66
Mouse,Razer Mouse Modelo 771,"Mouse da marca Razer, modelo avançado com alta performance para aplicações diversas.",315.29,25.04,10.48,7.09,0.71,3.38,46.7,46.25
Memória RAM,Crucial Memória RAM Modelo 355,"Memória RAM da marca Crucial, modelo avançado com alta performance para aplicações diversas.",1528.61,39.46,6.17,6.82,0.69,3.44,56.58,239.35
Controle Console,Sony Controle Console Modelo 139,"Controle Console da marca Sony, modelo avançado com alta performance para aplicações diversas.",1153.9,38.17,12.71,0.34,0.76,3.17,55.15,179.03
Fonte,Corsair Fonte Modelo 343,"Fonte da marca Corsair, modelo avançado com alta performance para aplicações diversas.",5551.69,32.12,12.6,8.45,0.93,7.48,61.58,897.04
Impressora,Canon Impressora Modelo 354,"Impressora da marca Canon, modelo avançado com alta performance para aplicações diversas.",5387.16,20.69,12.53,3.23,0.94,4.84,42.23,766.22
Fonte,EVGA Fonte Modelo 496,"Fonte da marca EVGA, modelo avançado com alta performance para aplicações diversas.",2585.78,11.9,7.84,0.1,1.32,3.97,25.13,323.56
Teclado,Redragon Teclado Modelo 592,"Teclado da marca Redragon, modelo avançado com alta performance para aplicações diversas.",538.07,12.94,14.39,6.7,0.67,3.85,38.55,74.55
Suporte Monitor,Furitec Suporte Monitor Modelo 840,"Suporte Monitor da marca Furitec, modelo avançado com alta performance para aplicações diversas.",1091.6,28.81,12.53,0.38,0.96,5.48,48.16,161.73
Teclado,Redragon Teclado Modelo 252,"Teclado da marca Redragon, modelo avançado com alta performance para aplicações diversas.",3020.76,17.37,6.01,9.61,1.52,5.91,40.42,424.18
Controle Console,Microsoft Controle Console Modelo 916,"Controle Console da marca Microsoft, modelo avançado com alta performance para aplicações diversas.",5404.51,33.83,14.65,5.4,1.54,6.77,62.19,876.56
Teclado,Redragon Teclado Modelo 739,"Teclado da marca Redragon, modelo avançado com alta performance para aplicações diversas.",1609.42,24.8,9.01,2.66,0.92,4.21,41.6,227.89
Controle Console,Sony Controle Console Modelo 838,"Controle Console da marca Sony, modelo avançado com alta performance para aplicações diversas.",2990.32,38.35,17.49,4.73,0.75,3.95,65.27,494.21
Processador,AMD Processador Modelo 279,"Processador da marca AMD, modelo avançado com alta performance para aplicações diversas.",2641.7,24.74,7.52,8.05,0.93,5.85,47.09,388.57
Placa de Vídeo,NVIDIA Placa de Vídeo Modelo 121,"Placa de Vídeo da marca NVIDIA, modelo avançado com alta performance para aplicações diversas.",4301.53,15.73,8.35,4.46,1.45,6.91,36.9,588.88
Cooler,Cooler Master Cooler Modelo 959,"Cooler da marca Cooler Master, modelo avançado com alta performance para aplicações diversas.",1875.62,39.12,7.67,1.59,1.63,3.87,53.88,288.62
HD,WD HD Modelo 388,"HD da marca WD, modelo avançado com alta performance para aplicações diversas.",4475.46,27.43,15.68,2.74,1.4,3.97,51.22,676.78
Controle Console,Microsoft Controle Console Modelo 571,"Controle Console da marca Microsoft, modelo avançado com alta performance para aplicações diversas.",171.88,18.66,15.32,9.06,1.2,6.13,50.37,25.85
Headset,Razer Headset Modelo 387,"Headset da marca Razer, modelo avançado com alta performance para aplicações diversas.",2200.92,21.22,6.24,6.19,1.62,4.72,39.99,308.11
Processador,Intel Processador Modelo 722,"Processador da marca Intel, modelo avançado com alta performance para aplicações diversas.",2252.8,28.53,13.67,4.52,0.73,4.18,51.63,341.59
SSD,Kingston SSD Modelo 496,"SSD da marca Kingston, modelo avançado com alta performance para aplicações diversas.",388.75,22.78,16.39,3.48,0.99,4.53,48.17,57.6
Cooler,Cooler Master Cooler Modelo 439,"Cooler da marca Cooler Master, modelo avançado com alta performance para aplicações diversas.",1978.29,31.48,5.78,5.16,1.28,4.4,48.1,292.98
SSD,Kingston SSD Modelo 779,"SSD da marca Kingston, modelo avançado com alta performance para aplicações diversas.",2526.3,38.04,5.81,8.8,1.33,7.05,61.03,406.81
Console,Sony Console Modelo 152,"Console da marca Sony, modelo avançado com alta performance para aplicações diversas.",1437.12,16.24,17.41,4.16,1.16,5.72,44.69,207.94
Cooler,Thermaltake Cooler Modelo 384,"Cooler da marca Thermaltake, modelo avançado com alta performance para aplicações diversas.",3288.52,36.64,15.58,4.78,1.44,6.15,64.59,541.26
SSD,Kingston SSD Modelo 576,"SSD da marca Kingston, modelo avançado com alta performance para aplicações diversas.",265.71,22.4,7.23,4.93,1.47,6.12,42.15,37.77
Processador,AMD Processador Modelo 229,"Processador da marca AMD, modelo avançado com alta performance para aplicações diversas.",2448.54,23.17,7.47,9.31,0.82,6.0,46.77,359.37
Cooler,Thermaltake Cooler Modelo 789,"Cooler da marca Thermaltake, modelo avançado com alta performance para aplicações diversas.",1932.06,29.83,5.79,9.56,1.08,4.63,50.89,291.53
Webcam,Redragon Webcam Modelo 308,"Webcam da marca Redragon, modelo avançado com alta performance para aplicações diversas.",4480.17,20.58,16.61,2.73,1.46,5.93,47.31,659.97
HD,WD HD Modelo 647,"HD da marca WD, modelo avançado com alta performance para aplicações diversas.",1625.42,14.45,9.39,7.39,1.46,6.42,39.11,226.11
Notebook,HP Notebook Modelo 493,"Notebook da marca HP, modelo avançado com alta performance para aplicações diversas.",4103.39,23.2,12.12,8.86,1.36,6.71,52.25,624.74
Monitor,AOC Monitor Modelo 532,"Monitor da marca AOC, modelo avançado com alta performance para aplicações diversas.",2964.82,30.77,16.1,6.62,1.47,6.79,61.75,479.56
Fonte,Corsair Fonte Modelo 699,"Fonte da marca Corsair, modelo avançado com alta performance para aplicações diversas.",1895.15,16.41,17.3,3.27,0.89,5.68,43.55,272.05
Cooler,Thermaltake Cooler Modelo 462,"Cooler da marca Thermaltake, modelo avançado com alta performance para aplicações diversas.",2467.09,36.81,8.6,6.73,1.58,7.04,60.76,396.61
Notebook,HP Notebook Modelo 262,"Notebook da marca HP, modelo avançado com alta performance para aplicações diversas.",5203.76,23.29,10.19,4.37,1.34,4.71,43.9,748.82
Placa-mãe,MSI Placa-mãe Modelo 798,"Placa-mãe da marca MSI, modelo avançado com alta performance para aplicações diversas.",3882.05,10.2,16.43,4.86,0.78,6.09,38.36,537.12
Processador,Intel Processador Modelo 274,"Processador da marca Intel, modelo avançado com alta performance para aplicações diversas.",2753.22,14.07,14.95,9.98,0.87,5.43,45.3,400.04
Mesa Gamer,ThunderX3 Mesa Gamer Modelo 757,"Mesa Gamer da marca ThunderX3, modelo avançado com alta performance para aplicações diversas.",1618.88,14.58,15.51,5.7,1.19,4.4,41.38,228.88
Impressora,Canon Impressora Modelo 923,"Impressora da marca Canon, modelo avançado com alta performance para aplicações diversas.",2893.64,12.82,14.81,9.26,1.31,3.0,41.2,408.58
Placa de Vídeo,AMD Placa de Vídeo Modelo 458,"Placa de Vídeo da marca AMD, modelo avançado com alta performance para aplicações diversas.",5776.95,21.55,11.4,0.17,1.34,5.71,40.17,809.76
Notebook,HP Notebook Modelo 721,"Notebook da marca HP, modelo avançado com alta performance para aplicações diversas.",5859.59,37.49,15.15,1.21,1.31,3.3,58.46,928.51
Teclado,Razer Teclado Modelo 965,"Teclado da marca Razer, modelo avançado com alta performance para aplicações diversas.",1758.21,24.37,12.96,5.52,1.17,6.72,50.74,265.03
Console,Nintendo Console Modelo 182,"Console da marca Nintendo, modelo avançado com alta performance para aplicações diversas.",2489.65,23.74,9.25,2.44,0.96,4.78,41.17,351.46
HD,Toshiba HD Modelo 941,"HD da marca Toshiba, modelo avançado com alta performance para aplicações diversas.",5491.17,33.2,13.25,5.43,1.07,4.03,56.98,862.0
Impressora,HP Impressora Modelo 171,"Impressora da marca HP, modelo avançado com alta performance para aplicações diversas.",207.34,38.22,8.87,0.75,0.7,3.22,51.76,31.47
Mesa Gamer,Mymax Mesa Gamer Modelo 322,"Mesa Gamer da marca Mymax, modelo avançado com alta performance para aplicações diversas.",3682.32,27.33,15.44,4.31,0.75,4.59,52.42,561.26
Monitor,AOC Monitor Modelo 542,"Monitor da marca AOC, modelo avançado com alta performance para aplicações diversas.",5387.16,28.12,5.18,4.65,1.27,4.03,43.25,771.71
HD,WD HD Modelo 475,"HD da marca WD, modelo avançado com alta performance para aplicações diversas.",3871.4,35.14,6.19,2.63,1.22,6.07,51.25,585.55
Gabinete,Thermaltake Gabinete Modelo 276,"Gabinete da marca Thermaltake, modelo avançado com alta performance para aplicações diversas.",5800.84,36.0,16.3,0.29,0.9,7.12,60.61,931.67
Mouse,Corsair Mouse Modelo 451,"Mouse da marca Corsair, modelo avançado com alta performance para aplicações diversas.",524.2,38.75,12.16,5.84,1.46,4.99,63.2,85.55
Impressora,HP Impressora Modelo 782,"Impressora da marca HP, modelo avançado com alta performance para aplicações diversas.",4417.71,21.69,6.76,9.14,1.26,6.78,45.63,643.35
Controle Console,Sony Controle Console Modelo 682,"Controle Console da marca Sony, modelo avançado com alta performance para aplicações diversas.",4061.91,15.38,7.06,0.06,1.55,4.49,28.54,522.12
Webcam,Microsoft Webcam Modelo 123,"Webcam da marca Microsoft, modelo avançado com alta performance para aplicações diversas.",2441.02,26.4,12.97,2.46,1.06,4.17,47.06,358.98
Webcam,Microsoft Webcam Modelo 916,"Webcam da marca Microsoft, modelo avançado com alta performance para aplicações diversas.",604.29,32.92,17.06,7.6,0.99,3.8,62.37,98.12
Mouse,Corsair Mouse Modelo 280,"Mouse da marca Corsair, modelo avançado com alta performance para aplicações diversas.",4382.95,36.49,6.93,9.29,0.95,3.96,57.62,690.84
Processador,AMD Processador Modelo 849,"Processador da marca AMD, modelo avançado com alta performance para aplicações diversas.",1327.44,10.56,8.73,4.26,1.17,6.32,31.04,173.95
Suporte Monitor,Multivisão Suporte Monitor Modelo 264,"Suporte Monitor da marca Multivisão, modelo avançado com alta performance para aplicações diversas.",717.35,36.49,17.46,4.53,1.37,4.08,63.93,117.6
Placa-mãe,Gigabyte Placa-mãe Modelo 585,"Placa-mãe da marca Gigabyte, modelo avançado com alta performance para aplicações diversas.",604.84,34.65,12.49,2.09,1.03,4.52,54.78,93.62
SSD,Kingston SSD Modelo 585,"SSD da marca Kingston, modelo avançado com alta performance para aplicações diversas.",4165.18,37.59,17.42,5.05,1.45,6.18,67.69,698.46
HD,WD HD Modelo 826,"HD da marca WD, modelo avançado com alta performance para aplicações diversas.",3524.01,19.92,9.77,4.24,0.94,5.53,40.4,494.77
Cooler,Thermaltake Cooler Modelo 858,"Cooler da marca Thermaltake, modelo avançado com alta performance para aplicações diversas.",3994.6,28.15,16.34,4.08,0.87,6.08,55.52,621.24
Monitor,Samsung Monitor Modelo 548,"Monitor da marca Samsung, modelo avançado com alta performance para aplicações diversas.",1140.4,22.15,8.38,0.41,1.04,7.24,39.22,158.77
Gabinete,Cooler Master Gabinete Modelo 984,"Gabinete da marca Cooler Master, modelo avançado com alta performance para aplicações diversas.",3523.03,32.33,12.59,3.3,1.58,4.1,53.9,542.19
Impressora,Epson Impressora Modelo 296,"Impressora da marca Epson, modelo avançado com alta performance para aplicações diversas.",295.61,29.37,6.21,3.55,1.62,7.24,47.99,43.75
Console,Sony Console Modelo 606,"Console da marca Sony, modelo avançado com alta performance para aplicações diversas.",3983.3,29.18,11.44,9.47,0.94,6.94,57.97,629.24
Placa de Vídeo,NVIDIA Placa de Vídeo Modelo 509,"Placa de Vídeo da marca NVIDIA, modelo avançado com alta performance para aplicações diversas.",2408.99,15.8,5.53,7.58,1.31,5.8,36.02,327.67
Monitor,AOC Monitor Modelo 498,"Monitor da marca AOC, modelo avançado com alta performance para aplicações diversas.",1806.72,32.15,7.7,8.82,0.71,5.01,54.39,278.94
Processador,AMD Processador Modelo 743,"Processador da marca AMD, modelo avançado com alta performance para aplicações diversas.",3568.95,16.46,12.77,0.55,0.74,6.89,37.41,490.41
Gabinete,Thermaltake Gabinete Modelo 779,"Gabinete da marca Thermaltake, modelo avançado com alta performance para aplicações diversas.",3664.25,19.23,9.0,3.56,1.6,6.79,40.18,513.66
Cooler,Noctua Cooler Modelo 371,"Cooler da marca Noctua, modelo avançado com alta performance para aplicações diversas.",1233.2,29.32,10.43,7.24,1.2,4.1,52.29,187.8
Gabinete,NZXT Gabinete Modelo 281,"Gabinete da marca NZXT, modelo avançado com alta performance para aplicações diversas.",5485.44,39.77,11.64,6.72,0.82,5.64,64.59,902.85
Teclado,Redragon Teclado Modelo 400,"Teclado da marca Redragon, modelo avançado com alta performance para aplicações diversas.",4136.86,34.93,9.69,4.93,1.43,5.41,56.39,646.96
Processador,AMD Processador Modelo 999,"Processador da marca AMD, modelo avançado com alta performance para aplicações diversas.",1823.03,14.76,8.95,4.81,1.09,3.26,32.87,242.23
Webcam,Logitech Webcam Modelo 245,"Webcam da marca Logitech, modelo avançado com alta performance para aplicações diversas.",884.34,14.12,14.33,0.85,1.51,4.31,35.12,119.49
Fonte,EVGA Fonte Modelo 481,"Fonte da marca EVGA, modelo avançado com alta performance para aplicações diversas.",1127.66,10.93,17.83,4.98,1.65,6.12,41.51,159.57
Suporte Monitor,Furitec Suporte Monitor Modelo 858,"Suporte Monitor da marca Furitec, modelo avançado com alta performance para aplicações diversas.",612.89,34.21,11.48,1.06,1.37,7.27,55.39,95.24
Mesa Gamer,Mymax Mesa Gamer Modelo 963,"Mesa Gamer da marca Mymax, modelo avançado com alta performance para aplicações diversas.",4149.84,17.77,16.21,3.58,0.68,3.52,41.76,588.28
Teclado,Logitech Teclado Modelo 797,"Teclado da marca Logitech, modelo avançado com alta performance para aplicações diversas.",2609.69,33.55,14.86,5.11,1.53,6.61,61.66,421.88
Mouse,Razer Mouse Modelo 291,"Mouse da marca Razer, modelo avançado com alta performance para aplicações diversas.",4979.89,19.57,10.78,2.58,0.81,5.07,38.81,691.26
Mouse,Razer Mouse Modelo 861,"Mouse da marca Razer, modelo avançado com alta performance para aplicações diversas.",3043.23,28.75,15.82,1.15,1.5,4.92,52.14,463.0
Controle Console,Sony Controle Console Modelo 756,"Controle Console da marca Sony, modelo avançado com alta performance para aplicações diversas.",2998.86,13.82,14.38,3.38,0.83,7.5,39.91,419.57
Notebook,Dell Notebook Modelo 709,"Notebook da marca Dell, modelo avançado com alta performance para aplicações diversas.",334.12,25.7,5.12,3.68,1.26,3.19,38.95,46.43
Placa de Vídeo,AMD Placa de Vídeo Modelo 398,"Placa de Vídeo da marca AMD, modelo avançado com alta performance para aplicações diversas.",1909.41,37.4,17.1,2.22,1.34,4.78,62.84,310.93
Mesa Gamer,Dazz Mesa Gamer Modelo 309,"Mesa Gamer da marca Dazz, modelo avançado com alta performance para aplicações diversas.",1009.97,18.19,11.78,6.87,0.99,6.59,44.42,145.86
Memória RAM,Corsair Memória RAM Modelo 699,"Memória RAM da marca Corsair, modelo avançado com alta performance para aplicações diversas.",883.22,29.31,7.6,4.51,0.92,3.79,46.13,129.06
Placa-mãe,ASUS Placa-mãe Modelo 290,"Placa-mãe da marca ASUS, modelo avançado com alta performance para aplicações diversas.",3246.97,25.6,11.08,7.56,1.29,5.79,51.32,491.33
Processador,AMD Processador Modelo 210,"Processador da marca AMD, modelo avançado com alta performance para aplicações diversas.",5782.08,10.9,8.41,0.23,1.41,4.23,25.18,723.8
Cooler,Cooler Master Cooler Modelo 952,"Cooler da marca Cooler Master, modelo avançado com alta performance para aplicações diversas.",3917.22,22.27,16.91,0.91,1.02,5.65,46.76,574.89
HD,Seagate HD Modelo 446,"HD da marca Seagate, modelo avançado com alta performance para aplicações diversas.",1661.47,31.02,13.2,1.04,0.68,6.9,52.84,253.94
Webcam,Microsoft Webcam Modelo 568,"Webcam da marca Microsoft, modelo avançado com alta performance para aplicações diversas.",1913.4,31.7,10.42,6.85,1.56,7.31,57.84,302.01
Notebook,Lenovo Notebook Modelo 345,"Notebook da marca Lenovo, modelo avançado com alta performance para aplicações diversas.",4903.89,19.6,7.01,0.36,1.3,4.05,32.32,648.88
Console,Sony Console Modelo 482,"Console da marca Sony, modelo avançado com alta performance para aplicações diversas.",2465.84,22.44,6.28,9.14,1.33,7.07,46.26,360.65
Processador,AMD Processador Modelo 791,"Processador da marca AMD, modelo avançado com alta performance para aplicações diversas.",3155.94,15.9,11.29,9.28,1.0,7.06,44.53,456.13
Cooler,Noctua Cooler Modelo 532,"Cooler da marca Noctua, modelo avançado com alta performance para aplicações diversas.",3697.78,10.17,9.75,2.55,0.97,6.41,29.85,480.16
Placa de Vídeo,NVIDIA Placa de Vídeo Modelo 178,"Placa de Vídeo da marca NVIDIA, modelo avançado com alta performance para aplicações diversas.",3044.59,15.68,5.67,5.07,1.41,4.13,31.96,401.76
Placa de Vídeo,NVIDIA Placa de Vídeo Modelo 128,"Placa de Vídeo da marca NVIDIA, modelo avançado com alta performance para aplicações diversas.",3396.43,12.59,5.48,4.53,1.44,3.72,27.76,433.93
Headset,Logitech Headset Modelo 955,"Headset da marca Logitech, modelo avançado com alta performance para aplicações diversas.",4979.61,13.81,12.91,7.7,1.21,6.52,42.15,707.85
Headset,Razer Headset Modelo 634,"Headset da marca Razer, modelo avançado com alta performance para aplicações diversas.",4020.62,20.0,16.39,2.73,0.93,4.87,44.92,582.67
Cooler,Noctua Cooler Modelo 410,"Cooler da marca Noctua, modelo avançado com alta performance para aplicações diversas.",357.02,27.57,12.97,2.48,1.59,3.53,48.14,52.89
SSD,Samsung SSD Modelo 734,"SSD da marca Samsung, modelo avançado com alta performance para aplicações diversas.",2686.61,18.73,6.58,9.39,0.67,3.47,38.84,373.01
Gabinete,Thermaltake Gabinete Modelo 942,"Gabinete da marca Thermaltake, modelo avançado com alta performance para aplicações diversas.",1798.31,32.66,6.61,0.2,1.5,6.53,47.5,265.25
Webcam,Logitech Webcam Modelo 929,"Webcam da marca Logitech, modelo avançado com alta performance para aplicações diversas.",3597.51,24.35,13.85,5.1,1.37,5.09,49.76,538.76
Webcam,Microsoft Webcam Modelo 731,"Webcam da marca Microsoft, modelo avançado com alta performance para aplicações diversas.",1222.84,33.75,16.02,3.57,1.05,4.04,58.43,193.74
Headset,HyperX Headset Modelo 139,"Headset da marca HyperX, modelo avançado com alta performance para aplicações diversas.",3944.77,22.39,14.56,1.07,1.47,4.61,44.1,568.44
Suporte Monitor,ELG Suporte Monitor Modelo 483,"Suporte Monitor da marca ELG, modelo avançado com alta performance para aplicações diversas.",1170.54,18.87,12.6,3.4,1.12,4.36,40.35,164.28
Fonte,EVGA Fonte Modelo 307,"Fonte da marca EVGA, modelo avançado com alta performance para aplicações diversas.",2081.77,23.25,16.51,6.15,1.13,4.78,51.82,316.05
Gabinete,Cooler Master Gabinete Modelo 700,"Gabinete da marca Cooler Master, modelo avançado com alta performance para aplicações diversas.",4278.56,24.19,11.24,1.67,1.29,7.23,45.62,623.04
Gabinete,Thermaltake Gabinete Modelo 373,"Gabinete da marca Thermaltake, modelo avançado com alta performance para aplicações diversas.",1100.16,34.47,16.28,3.14,1.46,4.86,60.21,176.26
Fonte,Corsair Fonte Modelo 971,"Fonte da marca Corsair, modelo avançado com alta performance para aplicações diversas.",758.54,13.89,12.56,7.6,1.62,6.84,42.51,108.1
Headset,Razer Headset Modelo 650,"Headset da marca Razer, modelo avançado com alta performance para aplicações diversas.",1306.1,28.37,13.89,6.12,0.82,4.67,53.87,200.97
Mesa Gamer,ThunderX3 Mesa Gamer Modelo 513,"Mesa Gamer da marca ThunderX3, modelo avançado com alta performance para aplicações diversas.",4760.19,33.66,14.46,4.85,1.0,3.04,57.01,747.4
Gabinete,Cooler Master Gabinete Modelo 785,"Gabinete da marca Cooler Master, modelo avançado com alta performance para aplicações diversas.",2232.48,34.37,13.23,5.77,0.92,6.36,60.65,358.65
SSD,WD SSD Modelo 942,"SSD da marca WD, modelo avançado com alta performance para aplicações diversas.",5826.98,25.55,14.42,9.32,1.17,5.86,56.32,910.87
Controle Console,8BitDo Controle Console Modelo 137,"Controle Console da marca 8BitDo, modelo avançado com alta performance para aplicações diversas.",1858.37,15.47,15.9,4.34,1.41,6.63,43.75,267.14
Placa de Vídeo,AMD Placa de Vídeo Modelo 742,"Placa de Vídeo da marca AMD, modelo avançado com alta performance para aplicações diversas.",5993.27,20.24,9.87,9.36,0.87,3.86,44.2,864.23
Controle Console,Sony Controle Console Modelo 643,"Controle Console da marca Sony, modelo avançado com alta performance para aplicações diversas.",2663.12,14.85,11.42,4.31,1.05,4.71,36.34,363.09
Placa de Vídeo,AMD Placa de Vídeo Modelo 247,"Placa de Vídeo da marca AMD, modelo avançado com alta performance para aplicações diversas.",2434.22,39.98,15.96,6.93,0.72,5.26,68.85,411.02
Impressora,HP Impressora Modelo 170,"Impressora da marca HP, modelo avançado com alta performance para aplicações diversas.",1650.49,17.96,15.9,8.16,1.07,7.51,50.6,248.56
Console,Sony Console Modelo 375,"Console da marca Sony, modelo avançado com alta performance para aplicações diversas.",1154.2,31.8,16.69,3.28,1.64,5.3,58.71,183.18
SSD,Kingston SSD Modelo 146,"SSD da marca Kingston, modelo avançado com alta performance para aplicações diversas.",3335.52,29.14,14.84,4.31,0.95,6.57,55.81,519.71
Mouse,Logitech Mouse Modelo 799,"Mouse da marca Logitech, modelo avançado com alta performance para aplicações diversas.",1675.55,39.13,5.48,4.35,0.88,5.83,55.67,260.83
Controle Console,Sony Controle Console Modelo 883,"Controle Console da marca Sony, modelo avançado com alta performance para aplicações diversas.",2833.39,30.89,5.52,7.03,1.16,7.41,52.01,430.7
Impressora,HP Impressora Modelo 107,"Impressora da marca HP, modelo avançado com alta performance para aplicações diversas.",5902.0,30.71,16.97,8.24,1.24,7.19,64.35,969.99
Console,Microsoft Console Modelo 266,"Console da marca Microsoft, modelo avançado com alta performance para aplicações diversas.",5890.62,11.32,11.96,0.43,1.1,6.62,31.43,774.2
Mouse,Razer Mouse Modelo 893,"Mouse da marca Razer, modelo avançado com alta performance para aplicações diversas.",4025.67,31.75,8.32,4.32,0.95,4.54,49.88,603.37
Gabinete,NZXT Gabinete Modelo 859,"Gabinete da marca NZXT, modelo avançado com alta performance para aplicações diversas.",5985.93,28.24,5.91,2.82,1.48,5.29,43.74,860.42
Memória RAM,Kingston Memória RAM Modelo 653,"Memória RAM da marca Kingston, modelo avançado com alta performance para aplicações diversas.",3998.44,24.61,15.24,8.64,1.18,6.07,55.74,622.72
Controle Console,Microsoft Controle Console Modelo 168,"Controle Console da marca Microsoft, modelo avançado com alta performance para aplicações diversas.",2935.27,16.68,14.38,4.46,1.4,6.76,43.68,421.74
Webcam,Redragon Webcam Modelo 151,"Webcam da marca Redragon, modelo avançado com alta performance para aplicações diversas.",4516.21,17.84,7.65,8.75,0.87,5.59,40.7,635.43
Cooler,Noctua Cooler Modelo 281,"Cooler da marca Noctua, modelo avançado com alta performance para aplicações diversas.",736.72,12.69,10.68,8.62,0.74,3.19,35.92,100.14
Cooler,Cooler Master Cooler Modelo 353,"Cooler da marca Cooler Master, modelo avançado com alta performance para aplicações diversas.",3003.3,38.6,14.81,9.06,1.12,7.13,70.72,512.72
Teclado,Logitech Teclado Modelo 531,"Teclado da marca Logitech, modelo avançado com alta performance para aplicações diversas.",3961.46,25.5,6.31,1.3,0.69,6.14,39.94,554.37
Console,Sony Console Modelo 160,"Console da marca Sony, modelo avançado com alta performance para aplicações diversas.",5604.59,21.34,16.37,8.08,0.95,5.22,51.96,851.67
Headset,HyperX Headset Modelo 255,"Headset da marca HyperX, modelo avançado com alta performance para aplicações diversas.",2440.39,32.51,13.31,4.77,1.45,3.85,55.89,380.43
Monitor,Samsung Monitor Modelo 199,"Monitor da marca Samsung, modelo avançado com alta performance para aplicações diversas.",3495.33,23.84,5.65,2.36,1.25,7.11,40.21,490.08
Fonte,Corsair Fonte Modelo 237,"Fonte da marca Corsair, modelo avançado com alta performance para aplicações diversas.",2744.31,32.34,9.45,6.72,1.14,7.24,56.89,430.56
HD,WD HD Modelo 973,"HD da marca WD, modelo avançado com alta performance para aplicações diversas.",2201.01,31.26,11.25,7.06,1.34,6.37,57.28,346.18
Teclado,Redragon Teclado Modelo 534,"Teclado da marca Redragon, modelo avançado com alta performance para aplicações diversas.",3334.39,13.53,12.14,7.92,0.88,5.76,40.23,467.58
Monitor,Samsung Monitor Modelo 619,"Monitor da marca Samsung, modelo avançado com alta performance para aplicações diversas.",1629.18,27.91,6.29,3.21,0.72,5.45,43.58,233.92
Processador,AMD Processador Modelo 776,"Processador da marca AMD, modelo avançado com alta performance para aplicações diversas.",4553.04,20.06,8.56,3.07,0.82,6.41,38.92,632.51
SSD,Samsung SSD Modelo 158,"SSD da marca Samsung, modelo avançado com alta performance para aplicações diversas.",1369.89,28.97,7.46,6.96,1.22,3.1,47.71,202.35
Headset,Logitech Headset Modelo 425,"Headset da marca Logitech, modelo avançado com alta performance para aplicações diversas.",5860.57,31.23,15.47,7.83,1.48,3.4,59.41,934.23
Mouse,Logitech Mouse Modelo 396,"Mouse da marca Logitech, modelo avançado com alta performance para aplicações diversas.",1134.47,20.6,11.26,4.32,1.58,3.88,41.64,160.69
Webcam,Microsoft Webcam Modelo 242,"Webcam da marca Microsoft, modelo avançado com alta performance para aplicações diversas.",2865.17,34.87,16.63,8.75,0.9,6.59,67.74,480.6
Suporte Monitor,Multivisão Suporte Monitor Modelo 400,"Suporte Monitor da marca Multivisão, modelo avançado com alta performance para aplicações diversas.",805.7,14.66,17.08,3.72,1.23,4.8,41.49,114.0
Headset,HyperX Headset Modelo 662,"Headset da marca HyperX, modelo avançado com alta performance para aplicações diversas.",5204.52,24.11,15.17,1.08,1.44,5.51,47.31,766.68
Fonte,EVGA Fonte Modelo 396,"Fonte da marca EVGA, modelo avançado com alta performance para aplicações diversas.",2100.34,32.22,7.41,1.0,1.55,7.59,49.77,314.57
Mouse,Razer Mouse Modelo 741,"Mouse da marca Razer, modelo avançado com alta performance para aplicações diversas.",606.68,19.0,12.36,8.87,0.89,6.53,47.65,89.58
Cooler,Noctua Cooler Modelo 526,"Cooler da marca Noctua, modelo avançado com alta performance para aplicações diversas.",3014.25,35.66,14.72,1.06,1.55,5.67,58.66,478.24
Processador,Intel Processador Modelo 118,"Processador da marca Intel, modelo avançado com alta performance para aplicações diversas.",5390.71,26.69,15.83,8.27,1.57,4.61,56.97,846.18
Impressora,Epson Impressora Modelo 402,"Impressora da marca Epson, modelo avançado com alta performance para aplicações diversas.",4198.5,30.66,15.86,2.12,1.3,4.06,54.0,646.57
Mesa Gamer,Dazz Mesa Gamer Modelo 252,"Mesa Gamer da marca Dazz, modelo avançado com alta performance para aplicações diversas.",5072.38,20.75,5.11,2.32,1.43,5.54,35.15,685.53
Fonte,Corsair Fonte Modelo 591,"Fonte da marca Corsair, modelo avançado com alta performance para aplicações diversas.",1961.1,36.49,6.89,4.36,0.8,4.46,53.0,300.05
Controle Console,Microsoft Controle Console Modelo 950,"Controle Console da marca Microsoft, modelo avançado com alta performance para aplicações diversas.",1344.3,38.85,13.46,9.08,1.12,6.25,68.76,226.86
Headset,HyperX Headset Modelo 477,"Headset da marca HyperX, modelo avançado com alta performance para aplicações diversas.",4938.71,18.37,17.59,3.37,0.86,6.61,46.8,725.0
Controle Console,Sony Controle Console Modelo 154,"Controle Console da marca Sony, modelo avançado com alta performance para aplicações diversas.",5154.79,39.96,13.76,9.83,1.1,3.67,68.32,867.65
Webcam,Redragon Webcam Modelo 940,"Webcam da marca Redragon, modelo avançado com alta performance para aplicações diversas.",4231.51,26.32,14.7,0.65,0.84,6.65,49.16,631.17
SSD,Samsung SSD Modelo 738,"SSD da marca Samsung, modelo avançado com alta performance para aplicações diversas.",1262.18,18.73,17.02,7.3,0.68,3.36,47.09,185.65
Controle Console,Microsoft Controle Console Modelo 683,"Controle Console da marca Microsoft, modelo avançado com alta performance para aplicações diversas.",3398.78,18.87,8.27,1.99,0.98,4.63,34.74,457.95
Teclado,Redragon Teclado Modelo 873,"Teclado da marca Redragon, modelo avançado com alta performance para aplicações diversas.",3253.33,33.25,11.17,6.78,1.14,6.08,58.42,515.39
SSD,Kingston SSD Modelo 863,"SSD da marca Kingston, modelo avançado com alta performance para aplicações diversas.",5908.43,23.61,13.69,6.92,0.83,3.07,48.12,875.16
Processador,AMD Processador Modelo 840,"Processador da marca AMD, modelo avançado com alta performance para aplicações diversas.",4371.34,15.13,9.28,6.69,1.28,5.59,37.97,603.11
Controle Console,Microsoft Controle Console Modelo 477,"Controle Console da marca Microsoft, modelo avançado com alta performance para aplicações diversas.",2724.01,32.97,5.79,5.35,0.72,6.51,51.34,412.25
Teclado,Redragon Teclado Modelo 747,"Teclado da marca Redragon, modelo avançado com alta performance para aplicações diversas.",289.26,27.97,8.66,1.29,1.32,5.32,44.56,41.82
HD,WD HD Modelo 305,"HD da marca WD, modelo avançado com alta performance para aplicações diversas.",3406.75,25.55,5.87,2.2,1.18,5.26,40.06,477.15
Notebook,Dell Notebook Modelo 721,"Notebook da marca Dell, modelo avançado com alta performance para aplicações diversas.",2334.86,15.36,9.74,0.81,1.37,4.63,31.91,307.99
Teclado,Razer Teclado Modelo 462,"Teclado da marca Razer, modelo avançado com alta performance para aplicações diversas.",5290.56,15.35,7.47,9.75,1.07,7.42,41.06,746.29
Notebook,Dell Notebook Modelo 667,"Notebook da marca Dell, modelo avançado com alta performance para aplicações diversas.",2737.49,10.62,10.21,9.75,1.63,5.3,37.51,376.43
Webcam,Microsoft Webcam Modelo 755,"Webcam da marca Microsoft, modelo avançado com alta performance para aplicações diversas.",1088.65,10.13,6.25,7.43,1.2,3.81,28.82,140.24
Placa de Vídeo,NVIDIA Placa de Vídeo Modelo 168,"Placa de Vídeo da marca NVIDIA, modelo avançado com alta performance para aplicações diversas.",4551.44,24.9,15.76,1.12,1.55,6.14,49.47,680.3
Monitor,AOC Monitor Modelo 368,"Monitor da marca AOC, modelo avançado com alta performance para aplicações diversas.",4540.77,26.46,9.31,7.5,1.31,3.8,48.38,673.76
SSD,WD SSD Modelo 445,"SSD da marca WD, modelo avançado com alta performance para aplicações diversas.",1485.79,14.5,7.54,4.64,1.1,4.59,32.37,196.67
Placa-mãe,MSI Placa-mãe Modelo 528,"Placa-mãe da marca MSI, modelo avançado com alta performance para aplicações diversas.",3940.13,18.32,8.64,6.13,0.77,7.15,41.01,555.6
Monitor,LG Monitor Modelo 528,"Monitor da marca LG, modelo avançado com alta performance para aplicações diversas.",1389.59,12.9,17.71,1.7,1.44,5.5,39.25,193.5
Notebook,Dell Notebook Modelo 734,"Notebook da marca Dell, modelo avançado com alta performance para aplicações diversas.",4156.19,38.61,12.07,9.24,1.0,3.64,64.56,683.94
HD,Seagate HD Modelo 936,"HD da marca Seagate, modelo avançado com alta performance para aplicações diversas.",2171.88,17.49,15.05,2.63,0.96,6.76,42.89,310.34
Mouse,Corsair Mouse Modelo 635,"Mouse da marca Corsair, modelo avançado com alta performance para aplicações diversas.",2432.53,30.09,17.61,3.46,0.79,6.1,58.05,384.46
Teclado,Logitech Teclado Modelo 201,"Teclado da marca Logitech, modelo avançado com alta performance para aplicações diversas.",5005.58,24.43,10.87,1.9,0.86,5.25,43.31,717.35
Fonte,Cooler Master Fonte Modelo 621,"Fonte da marca Cooler Master, modelo avançado com alta performance para aplicações diversas.",2679.68,14.5,11.67,5.99,1.25,5.02,38.43,370.95
Mesa Gamer,Mymax Mesa Gamer Modelo 395,"Mesa Gamer da marca Mymax, modelo avançado com alta performance para aplicações diversas.",3694.67,21.87,14.84,2.79,0.86,6.09,46.45,541.08
Impressora,Canon Impressora Modelo 652,"Impressora da marca Canon, modelo avançado com alta performance para aplicações diversas.",834.31,36.37,6.26,7.12,0.7,3.58,54.03,128.51
SSD,Kingston SSD Modelo 527,"SSD da marca Kingston, modelo avançado com alta performance para aplicações diversas.",4194.71,11.01,8.73,1.91,0.94,3.52,26.11,529.0
Placa-mãe,MSI Placa-mãe Modelo 358,"Placa-mãe da marca MSI, modelo avançado com alta performance para aplicações diversas.",665.76,38.1,13.05,7.41,0.7,6.77,66.03,110.54
Mouse,Logitech Mouse Modelo 334,"Mouse da marca Logitech, modelo avançado com alta performance para aplicações diversas.",4309.47,28.62,6.97,0.23,1.07,6.19,43.08,616.6
Suporte Monitor,ELG Suporte Monitor Modelo 248,"Suporte Monitor da marca ELG, modelo avançado com alta performance para aplicações diversas.",1853.95,15.82,15.96,1.41,1.6,5.57,40.36,260.22
Fonte,Corsair Fonte Modelo 388,"Fonte da marca Corsair, modelo avançado com alta performance para aplicações diversas.",3119.08,10.89,12.11,1.92,0.84,4.44,30.2,406.1
Monitor,AOC Monitor Modelo 480,"Monitor da marca AOC, modelo avançado com alta performance para aplicações diversas.",5211.13,28.33,5.58,1.58,1.44,7.49,44.42,752.59
Fonte,Corsair Fonte Modelo 884,"Fonte da marca Corsair, modelo avançado com alta performance para aplicações diversas.",5842.17,18.8,15.19,9.56,0.91,7.44,51.9,887.43
Teclado,Razer Teclado Modelo 784,"Teclado da marca Razer, modelo avançado com alta performance para aplicações diversas.",4365.32,13.15,14.57,5.21,1.22,6.5,40.65,613.98
Teclado,Redragon Teclado Modelo 354,"Teclado da marca Redragon, modelo avançado com alta performance para aplicações diversas.",4986.69,28.49,16.89,3.26,1.34,6.05,56.03,778.07
Monitor,AOC Monitor Modelo 680,"Monitor da marca AOC, modelo avançado com alta performance para aplicações diversas.",1460.43,24.77,14.54,4.15,0.86,6.16,50.48,219.77
Fonte,EVGA Fonte Modelo 496,"Fonte da marca EVGA, modelo avançado com alta performance para aplicações diversas.",5728.17,23.05,5.89,7.63,1.55,5.98,44.1,825.43
Mouse,Razer Mouse Modelo 806,"Mouse da marca Razer, modelo avançado com alta performance para aplicações diversas.",535.46,36.0,11.05,2.19,1.34,4.92,55.5,83.26
Memória RAM,Crucial Memória RAM Modelo 148,"Memória RAM da marca Crucial, modelo avançado com alta performance para aplicações diversas.",219.7,29.16,12.18,9.1,0.75,6.05,57.24,34.55
SSD,Kingston SSD Modelo 710,"SSD da marca Kingston, modelo avançado com alta performance para aplicações diversas.",1250.38,21.39,13.22,8.01,1.63,5.67,49.92,187.46
Cooler,Cooler Master Cooler Modelo 463,"Cooler da marca Cooler Master, modelo avançado com alta performance para aplicações diversas.",1201.09,18.18,16.39,8.77,0.92,7.37,51.63,182.12
Mouse,Corsair Mouse Modelo 768,"Mouse da marca Corsair, modelo avançado com alta performance para aplicações diversas.",5855.25,39.72,17.18,2.1,0.73,5.13,64.86,965.3
Mouse,Logitech Mouse Modelo 834,"Mouse da marca Logitech, modelo avançado com alta performance para aplicações diversas.",1943.95,12.45,11.62,7.41,0.84,5.87,38.19,268.63
SSD,WD SSD Modelo 865,"SSD da marca WD, modelo avançado com alta performance para aplicações diversas.",2243.29,39.12,7.78,1.45,1.14,5.97,55.46,348.74
Controle Console,Sony Controle Console Modelo 711,"Controle Console da marca Sony, modelo avançado com alta performance para aplicações diversas.",5427.73,38.81,16.14,7.22,1.27,3.4,66.84,905.56
HD,Seagate HD Modelo 157,"HD da marca Seagate, modelo avançado com alta performance para aplicações diversas.",807.0,22.94,14.33,7.78,1.48,4.11,50.64,121.57
Cooler,Thermaltake Cooler Modelo 665,"Cooler da marca Thermaltake, modelo avançado com alta performance para aplicações diversas.",469.72,28.04,9.26,3.9,0.87,3.97,46.04,68.6
Impressora,Canon Impressora Modelo 922,"Impressora da marca Canon, modelo avançado com alta performance para aplicações diversas.",1687.69,18.64,16.09,4.9,0.97,7.49,48.09,249.93
Cooler,Thermaltake Cooler Modelo 664,"Cooler da marca Thermaltake, modelo avançado com alta performance para aplicações diversas.",5808.91,18.24,14.05,7.46,0.99,3.36,44.1,837.06
Headset,Logitech Headset Modelo 809,"Headset da marca Logitech, modelo avançado com alta performance para aplicações diversas.",2833.02,20.99,9.38,5.19,0.9,6.51,42.97,405.04
Controle Console,8BitDo Controle Console Modelo 234,"Controle Console da marca 8BitDo, modelo avançado com alta performance para aplicações diversas.",898.25,24.54,5.4,0.65,0.67,3.18,34.44,120.76
Placa de Vídeo,NVIDIA Placa de Vídeo Modelo 442,"Placa de Vídeo da marca NVIDIA, modelo avançado com alta performance para aplicações diversas.",372.39,35.79,6.47,4.51,1.16,3.91,51.84,56.54
Suporte Monitor,Multivisão Suporte Monitor Modelo 661,"Suporte Monitor da marca Multivisão, modelo avançado com alta performance para aplicações diversas.",3275.9,10.32,14.67,6.67,0.84,3.08,35.58,444.15
Monitor,AOC Monitor Modelo 785,"Monitor da marca AOC, modelo avançado com alta performance para aplicações diversas.",5477.09,39.09,8.86,3.06,1.25,6.75,59.01,870.91
Impressora,Canon Impressora Modelo 430,"Impressora da marca Canon, modelo avançado com alta performance para aplicações diversas.",939.09,17.02,7.8,0.79,0.95,6.89,33.45,125.32
Controle Console,8BitDo Controle Console Modelo 720,"Controle Console da marca 8BitDo, modelo avançado com alta performance para aplicações diversas.",876.9,23.95,6.54,6.35,1.13,6.68,44.65,126.84
Mesa Gamer,Dazz Mesa Gamer Modelo 770,"Mesa Gamer da marca Dazz, modelo avançado com alta performance para aplicações diversas.",2815.0,31.12,5.78,3.69,1.2,3.54,45.33,409.1
Headset,HyperX Headset Modelo 581,"Headset da marca HyperX, modelo avançado com alta performance para aplicações diversas.",4975.34,17.92,10.2,5.61,0.78,6.34,40.85,700.78
Gabinete,Cooler Master Gabinete Modelo 795,"Gabinete da marca Cooler Master, modelo avançado com alta performance para aplicações diversas.",5912.56,33.58,10.4,4.68,1.0,7.58,57.24,929.69
Console,Sony Console Modelo 587,"Console da marca Sony, modelo avançado com alta performance para aplicações diversas.",5473.23,37.24,13.83,5.52,0.91,4.66,62.16,887.54
Monitor,LG Monitor Modelo 871,"Monitor da marca LG, modelo avançado com alta performance para aplicações diversas.",5099.82,14.08,13.22,4.97,0.77,4.33,37.37,700.56
Gabinete,NZXT Gabinete Modelo 572,"Gabinete da marca NZXT, modelo avançado com alta performance para aplicações diversas.",5665.95,39.76,9.8,5.73,1.27,5.63,62.19,918.96
Placa de Vídeo,NVIDIA Placa de Vídeo Modelo 652,"Placa de Vídeo da marca NVIDIA, modelo avançado com alta performance para aplicações diversas.",5451.77,12.06,9.47,1.76,1.62,6.84,31.75,718.27
Monitor,Samsung Monitor Modelo 287,"Monitor da marca Samsung, modelo avançado com alta performance para aplicações diversas.",4779.81,38.0,11.73,2.29,1.47,7.25,60.74,768.31
Fonte,EVGA Fonte Modelo 795,"Fonte da marca EVGA, modelo avançado com alta performance para aplicações diversas.",3588.42,35.69,6.69,5.97,1.19,4.83,54.37,553.94
Console,Sony Console Modelo 689,"Console da marca Sony, modelo avançado com alta performance para aplicações diversas.",4870.81,24.03,10.23,0.39,1.61,3.77,40.03,682.06
SSD,Kingston SSD Modelo 353,"SSD da marca Kingston, modelo avançado com alta performance para aplicações diversas.",5401.56,17.18,8.14,6.21,0.76,3.15,35.44,731.59
Memória RAM,Corsair Memória RAM Modelo 482,"Memória RAM da marca Corsair, modelo avançado com alta performance para aplicações diversas.",712.78,11.84,13.53,9.97,1.43,6.31,43.08,101.98
